"Any","Codi_Districte","Nom_Districte","Codi_Barri","Nom_Barri","Sexe","Nivell_academic","Nombre"
2022,1,"Ciutat Vella",1,"el Raval","Dones","Sense estudis","329"
2022,1,"Ciutat Vella",1,"el Raval","Dones","Estudis primaris / certificat d'escolaritat / EGB","4225"
2022,1,"Ciutat Vella",1,"el Raval","Dones","Batxillerat elemental / graduat escolar / ESO / FPI","4530"
2022,1,"Ciutat Vella",1,"el Raval","Dones","Batxillerat superior / BUP / COU / FPII / CFGM grau mitjà","3788"
2022,1,"Ciutat Vella",1,"el Raval","Dones","Estudis universitaris / CFGS grau superior","5604"
2022,1,"Ciutat Vella",1,"el Raval","Dones","No consta","238"
2022,1,"Ciutat Vella",1,"el Raval","Homes","Sense estudis","142"
2022,1,"Ciutat Vella",1,"el Raval","Homes","Estudis primaris / certificat d'escolaritat / EGB","5443"
2022,1,"Ciutat Vella",1,"el Raval","Homes","Batxillerat elemental / graduat escolar / ESO / FPI","5890"
2022,1,"Ciutat Vella",1,"el Raval","Homes","Batxillerat superior / BUP / COU / FPII / CFGM grau mitjà","4266"
2022,1,"Ciutat Vella",1,"el Raval","Homes","Estudis universitaris / CFGS grau superior","5416"
2022,1,"Ciutat Vella",1,"el Raval","Homes","No consta","320"
2022,1,"Ciutat Vella",2,"el Barri Gòtic","Dones","Sense estudis","113"
2022,1,"Ciutat Vella",2,"el Barri Gòtic","Dones","Estudis primaris / certificat d'escolaritat / EGB","1046"
2022,1,"Ciutat Vella",2,"el Barri Gòtic","Dones","Batxillerat elemental / graduat escolar / ESO / FPI","1503"
2022,1,"Ciutat Vella",2,"el Barri Gòtic","Dones","Batxillerat superior / BUP / COU / FPII / CFGM grau mitjà","1898"
2022,1,"Ciutat Vella",2,"el Barri Gòtic","Dones","Estudis universitaris / CFGS grau superior","3399"
2022,1,"Ciutat Vella",2,"el Barri Gòtic","Dones","No consta","72"
2022,1,"Ciutat Vella",2,"el Barri Gòtic","Homes","Sense estudis","79"
2022,1,"Ciutat Vella",2,"el Barri Gòtic","Homes","Estudis primaris / certificat d'escolaritat / EGB","3327"
2022,1,"Ciutat Vella",2,"el Barri Gòtic","Homes","Batxillerat elemental / graduat escolar / ESO / FPI","3734"
2022,1,"Ciutat Vella",2,"el Barri Gòtic","Homes","Batxillerat superior / BUP / COU / FPII / CFGM grau mitjà","2628"
2022,1,"Ciutat Vella",2,"el Barri Gòtic","Homes","Estudis universitaris / CFGS grau superior","3253"
2022,1,"Ciutat Vella",2,"el Barri Gòtic","Homes","No consta","68"
2022,1,"Ciutat Vella",3,"la Barceloneta","Dones","Sense estudis","189"
2022,1,"Ciutat Vella",3,"la Barceloneta","Dones","Estudis primaris / certificat d'escolaritat / EGB","1214"
2022,1,"Ciutat Vella",3,"la Barceloneta","Dones","Batxillerat elemental / graduat escolar / ESO / FPI","1487"
2022,1,"Ciutat Vella",3,"la Barceloneta","Dones","Batxillerat superior / BUP / COU / FPII / CFGM grau mitjà","1469"
2022,1,"Ciutat Vella",3,"la Barceloneta","Dones","Estudis universitaris / CFGS grau superior","2272"
2022,1,"Ciutat Vella",3,"la Barceloneta","Dones","No consta","53"
2022,1,"Ciutat Vella",3,"la Barceloneta","Homes","Sense estudis","69"
2022,1,"Ciutat Vella",3,"la Barceloneta","Homes","Estudis primaris / certificat d'escolaritat / EGB","1211"
2022,1,"Ciutat Vella",3,"la Barceloneta","Homes","Batxillerat elemental / graduat escolar / ESO / FPI","1742"
2022,1,"Ciutat Vella",3,"la Barceloneta","Homes","Batxillerat superior / BUP / COU / FPII / CFGM grau mitjà","1574"
2022,1,"Ciutat Vella",3,"la Barceloneta","Homes","Estudis universitaris / CFGS grau superior","1909"
2022,1,"Ciutat Vella",3,"la Barceloneta","Homes","No consta","64"
2022,1,"Ciutat Vella",4,"Sant Pere, Santa Caterina i la Ribera","Dones","Sense estudis","167"
2022,1,"Ciutat Vella",4,"Sant Pere, Santa Caterina i la Ribera","Dones","Estudis primaris / certificat d'escolaritat / EGB","1416"
2022,1,"Ciutat Vella",4,"Sant Pere, Santa Caterina i la Ribera","Dones","Batxillerat elemental / graduat escolar / ESO / FPI","1658"
2022,1,"Ciutat Vella",4,"Sant Pere, Santa Caterina i la Ribera","Dones","Batxillerat superior / BUP / COU / FPII / CFGM grau mitjà","2137"
2022,1,"Ciutat Vella",4,"Sant Pere, Santa Caterina i la Ribera","Dones","Estudis universitaris / CFGS grau superior","4762"
2022,1,"Ciutat Vella",4,"Sant Pere, Santa Caterina i la Ribera","Dones","No consta","90"
2022,1,"Ciutat Vella",4,"Sant Pere, Santa Caterina i la Ribera","Homes","Sense estudis","49"
2022,1,"Ciutat Vella",4,"Sant Pere, Santa Caterina i la Ribera","Homes","Estudis primaris / certificat d'escolaritat / EGB","1345"
2022,1,"Ciutat Vella",4,"Sant Pere, Santa Caterina i la Ribera","Homes","Batxillerat elemental / graduat escolar / ESO / FPI","1924"
2022,1,"Ciutat Vella",4,"Sant Pere, Santa Caterina i la Ribera","Homes","Batxillerat superior / BUP / COU / FPII / CFGM grau mitjà","2438"
2022,1,"Ciutat Vella",4,"Sant Pere, Santa Caterina i la Ribera","Homes","Estudis universitaris / CFGS grau superior","4208"
2022,1,"Ciutat Vella",4,"Sant Pere, Santa Caterina i la Ribera","Homes","No consta","104"
2022,2,"Eixample",5,"el Fort Pienc","Dones","Sense estudis","208"
2022,2,"Eixample",5,"el Fort Pienc","Dones","Estudis primaris / certificat d'escolaritat / EGB","1830"
2022,2,"Eixample",5,"el Fort Pienc","Dones","Batxillerat elemental / graduat escolar / ESO / FPI","2884"
2022,2,"Eixample",5,"el Fort Pienc","Dones","Batxillerat superior / BUP / COU / FPII / CFGM grau mitjà","3821"
2022,2,"Eixample",5,"el Fort Pienc","Dones","Estudis universitaris / CFGS grau superior","6773"
2022,2,"Eixample",5,"el Fort Pienc","Dones","No consta","140"
2022,2,"Eixample",5,"el Fort Pienc","Homes","Sense estudis","76"
2022,2,"Eixample",5,"el Fort Pienc","Homes","Estudis primaris / certificat d'escolaritat / EGB","1434"
2022,2,"Eixample",5,"el Fort Pienc","Homes","Batxillerat elemental / graduat escolar / ESO / FPI","2681"
2022,2,"Eixample",5,"el Fort Pienc","Homes","Batxillerat superior / BUP / COU / FPII / CFGM grau mitjà","4027"
2022,2,"Eixample",5,"el Fort Pienc","Homes","Estudis universitaris / CFGS grau superior","5668"
2022,2,"Eixample",5,"el Fort Pienc","Homes","No consta","170"
2022,2,"Eixample",6,"la Sagrada Família","Dones","Sense estudis","394"
2022,2,"Eixample",6,"la Sagrada Família","Dones","Estudis primaris / certificat d'escolaritat / EGB","3235"
2022,2,"Eixample",6,"la Sagrada Família","Dones","Batxillerat elemental / graduat escolar / ESO / FPI","4718"
2022,2,"Eixample",6,"la Sagrada Família","Dones","Batxillerat superior / BUP / COU / FPII / CFGM grau mitjà","6098"
2022,2,"Eixample",6,"la Sagrada Família","Dones","Estudis universitaris / CFGS grau superior","10452"
2022,2,"Eixample",6,"la Sagrada Família","Dones","No consta","218"
2022,2,"Eixample",6,"la Sagrada Família","Homes","Sense estudis","118"
2022,2,"Eixample",6,"la Sagrada Família","Homes","Estudis primaris / certificat d'escolaritat / EGB","1994"
2022,2,"Eixample",6,"la Sagrada Família","Homes","Batxillerat elemental / graduat escolar / ESO / FPI","4054"
2022,2,"Eixample",6,"la Sagrada Família","Homes","Batxillerat superior / BUP / COU / FPII / CFGM grau mitjà","6077"
2022,2,"Eixample",6,"la Sagrada Família","Homes","Estudis universitaris / CFGS grau superior","8486"
2022,2,"Eixample",6,"la Sagrada Família","Homes","No consta","217"
2022,2,"Eixample",7,"la Dreta de l'Eixample","Dones","Sense estudis","184"
2022,2,"Eixample",7,"la Dreta de l'Eixample","Dones","Estudis primaris / certificat d'escolaritat / EGB","1578"
2022,2,"Eixample",7,"la Dreta de l'Eixample","Dones","Batxillerat elemental / graduat escolar / ESO / FPI","2543"
2022,2,"Eixample",7,"la Dreta de l'Eixample","Dones","Batxillerat superior / BUP / COU / FPII / CFGM grau mitjà","4934"
2022,2,"Eixample",7,"la Dreta de l'Eixample","Dones","Estudis universitaris / CFGS grau superior","11551"
2022,2,"Eixample",7,"la Dreta de l'Eixample","Dones","No consta","236"
2022,2,"Eixample",7,"la Dreta de l'Eixample","Homes","Sense estudis","27"
2022,2,"Eixample",7,"la Dreta de l'Eixample","Homes","Estudis primaris / certificat d'escolaritat / EGB","949"
2022,2,"Eixample",7,"la Dreta de l'Eixample","Homes","Batxillerat elemental / graduat escolar / ESO / FPI","2283"
2022,2,"Eixample",7,"la Dreta de l'Eixample","Homes","Batxillerat superior / BUP / COU / FPII / CFGM grau mitjà","4620"
2022,2,"Eixample",7,"la Dreta de l'Eixample","Homes","Estudis universitaris / CFGS grau superior","10019"
2022,2,"Eixample",7,"la Dreta de l'Eixample","Homes","No consta","227"
2022,2,"Eixample",8,"l'Antiga Esquerra de l'Eixample","Dones","Sense estudis","198"
2022,2,"Eixample",8,"l'Antiga Esquerra de l'Eixample","Dones","Estudis primaris / certificat d'escolaritat / EGB","1711"
2022,2,"Eixample",8,"l'Antiga Esquerra de l'Eixample","Dones","Batxillerat elemental / graduat escolar / ESO / FPI","2901"
2022,2,"Eixample",8,"l'Antiga Esquerra de l'Eixample","Dones","Batxillerat superior / BUP / COU / FPII / CFGM grau mitjà","4940"
2022,2,"Eixample",8,"l'Antiga Esquerra de l'Eixample","Dones","Estudis universitaris / CFGS grau superior","10422"
2022,2,"Eixample",8,"l'Antiga Esquerra de l'Eixample","Dones","No consta","191"
2022,2,"Eixample",8,"l'Antiga Esquerra de l'Eixample","Homes","Sense estudis","59"
2022,2,"Eixample",8,"l'Antiga Esquerra de l'Eixample","Homes","Estudis primaris / certificat d'escolaritat / EGB","1003"
2022,2,"Eixample",8,"l'Antiga Esquerra de l'Eixample","Homes","Batxillerat elemental / graduat escolar / ESO / FPI","2426"
2022,2,"Eixample",8,"l'Antiga Esquerra de l'Eixample","Homes","Batxillerat superior / BUP / COU / FPII / CFGM grau mitjà","4869"
2022,2,"Eixample",8,"l'Antiga Esquerra de l'Eixample","Homes","Estudis universitaris / CFGS grau superior","9133"
2022,2,"Eixample",8,"l'Antiga Esquerra de l'Eixample","Homes","No consta","214"
2022,2,"Eixample",9,"la Nova Esquerra de l'Eixample","Dones","Sense estudis","324"
2022,2,"Eixample",9,"la Nova Esquerra de l'Eixample","Dones","Estudis primaris / certificat d'escolaritat / EGB","2987"
2022,2,"Eixample",9,"la Nova Esquerra de l'Eixample","Dones","Batxillerat elemental / graduat escolar / ESO / FPI","4561"
2022,2,"Eixample",9,"la Nova Esquerra de l'Eixample","Dones","Batxillerat superior / BUP / COU / FPII / CFGM grau mitjà","6712"
2022,2,"Eixample",9,"la Nova Esquerra de l'Eixample","Dones","Estudis universitaris / CFGS grau superior","12667"
2022,2,"Eixample",9,"la Nova Esquerra de l'Eixample","Dones","No consta","229"
2022,2,"Eixample",9,"la Nova Esquerra de l'Eixample","Homes","Sense estudis","99"
2022,2,"Eixample",9,"la Nova Esquerra de l'Eixample","Homes","Estudis primaris / certificat d'escolaritat / EGB","1755"
2022,2,"Eixample",9,"la Nova Esquerra de l'Eixample","Homes","Batxillerat elemental / graduat escolar / ESO / FPI","3897"
2022,2,"Eixample",9,"la Nova Esquerra de l'Eixample","Homes","Batxillerat superior / BUP / COU / FPII / CFGM grau mitjà","6594"
2022,2,"Eixample",9,"la Nova Esquerra de l'Eixample","Homes","Estudis universitaris / CFGS grau superior","11051"
2022,2,"Eixample",9,"la Nova Esquerra de l'Eixample","Homes","No consta","299"
2022,2,"Eixample",10,"Sant Antoni","Dones","Sense estudis","341"
2022,2,"Eixample",10,"Sant Antoni","Dones","Estudis primaris / certificat d'escolaritat / EGB","2531"
2022,2,"Eixample",10,"Sant Antoni","Dones","Batxillerat elemental / graduat escolar / ESO / FPI","3462"
2022,2,"Eixample",10,"Sant Antoni","Dones","Batxillerat superior / BUP / COU / FPII / CFGM grau mitjà","4232"
2022,2,"Eixample",10,"Sant Antoni","Dones","Estudis universitaris / CFGS grau superior","7366"
2022,2,"Eixample",10,"Sant Antoni","Dones","No consta","134"
2022,2,"Eixample",10,"Sant Antoni","Homes","Sense estudis","93"
2022,2,"Eixample",10,"Sant Antoni","Homes","Estudis primaris / certificat d'escolaritat / EGB","1668"
2022,2,"Eixample",10,"Sant Antoni","Homes","Batxillerat elemental / graduat escolar / ESO / FPI","3161"
2022,2,"Eixample",10,"Sant Antoni","Homes","Batxillerat superior / BUP / COU / FPII / CFGM grau mitjà","4483"
2022,2,"Eixample",10,"Sant Antoni","Homes","Estudis universitaris / CFGS grau superior","6495"
2022,2,"Eixample",10,"Sant Antoni","Homes","No consta","181"
2022,3,"Sants-Montjuïc",11,"el Poble Sec","Dones","Sense estudis","405"
2022,3,"Sants-Montjuïc",11,"el Poble Sec","Dones","Estudis primaris / certificat d'escolaritat / EGB","3441"
2022,3,"Sants-Montjuïc",11,"el Poble Sec","Dones","Batxillerat elemental / graduat escolar / ESO / FPI","3872"
2022,3,"Sants-Montjuïc",11,"el Poble Sec","Dones","Batxillerat superior / BUP / COU / FPII / CFGM grau mitjà","3898"
2022,3,"Sants-Montjuïc",11,"el Poble Sec","Dones","Estudis universitaris / CFGS grau superior","5881"
2022,3,"Sants-Montjuïc",11,"el Poble Sec","Dones","No consta","226"
2022,3,"Sants-Montjuïc",11,"el Poble Sec","Homes","Sense estudis","120"
2022,3,"Sants-Montjuïc",11,"el Poble Sec","Homes","Estudis primaris / certificat d'escolaritat / EGB","3076"
2022,3,"Sants-Montjuïc",11,"el Poble Sec","Homes","Batxillerat elemental / graduat escolar / ESO / FPI","4342"
2022,3,"Sants-Montjuïc",11,"el Poble Sec","Homes","Batxillerat superior / BUP / COU / FPII / CFGM grau mitjà","4325"
2022,3,"Sants-Montjuïc",11,"el Poble Sec","Homes","Estudis universitaris / CFGS grau superior","4850"
2022,3,"Sants-Montjuïc",11,"el Poble Sec","Homes","No consta","215"
2022,3,"Sants-Montjuïc",12,"la Marina del Prat Vermell","Dones","Sense estudis","23"
2022,3,"Sants-Montjuïc",12,"la Marina del Prat Vermell","Dones","Estudis primaris / certificat d'escolaritat / EGB","209"
2022,3,"Sants-Montjuïc",12,"la Marina del Prat Vermell","Dones","Batxillerat elemental / graduat escolar / ESO / FPI","192"
2022,3,"Sants-Montjuïc",12,"la Marina del Prat Vermell","Dones","Batxillerat superior / BUP / COU / FPII / CFGM grau mitjà","98"
2022,3,"Sants-Montjuïc",12,"la Marina del Prat Vermell","Dones","Estudis universitaris / CFGS grau superior","101"
2022,3,"Sants-Montjuïc",12,"la Marina del Prat Vermell","Dones","No consta","12"
2022,3,"Sants-Montjuïc",12,"la Marina del Prat Vermell","Homes","Sense estudis","8"
2022,3,"Sants-Montjuïc",12,"la Marina del Prat Vermell","Homes","Estudis primaris / certificat d'escolaritat / EGB","209"
2022,3,"Sants-Montjuïc",12,"la Marina del Prat Vermell","Homes","Batxillerat elemental / graduat escolar / ESO / FPI","245"
2022,3,"Sants-Montjuïc",12,"la Marina del Prat Vermell","Homes","Batxillerat superior / BUP / COU / FPII / CFGM grau mitjà","104"
2022,3,"Sants-Montjuïc",12,"la Marina del Prat Vermell","Homes","Estudis universitaris / CFGS grau superior","64"
2022,3,"Sants-Montjuïc",12,"la Marina del Prat Vermell","Homes","No consta","16"
2022,3,"Sants-Montjuïc",13,"la Marina de Port","Dones","Sense estudis","441"
2022,3,"Sants-Montjuïc",13,"la Marina de Port","Dones","Estudis primaris / certificat d'escolaritat / EGB","3595"
2022,3,"Sants-Montjuïc",13,"la Marina de Port","Dones","Batxillerat elemental / graduat escolar / ESO / FPI","3720"
2022,3,"Sants-Montjuïc",13,"la Marina de Port","Dones","Batxillerat superior / BUP / COU / FPII / CFGM grau mitjà","3216"
2022,3,"Sants-Montjuïc",13,"la Marina de Port","Dones","Estudis universitaris / CFGS grau superior","2625"
2022,3,"Sants-Montjuïc",13,"la Marina de Port","Dones","No consta","275"
2022,3,"Sants-Montjuïc",13,"la Marina de Port","Homes","Sense estudis","176"
2022,3,"Sants-Montjuïc",13,"la Marina de Port","Homes","Estudis primaris / certificat d'escolaritat / EGB","2894"
2022,3,"Sants-Montjuïc",13,"la Marina de Port","Homes","Batxillerat elemental / graduat escolar / ESO / FPI","3885"
2022,3,"Sants-Montjuïc",13,"la Marina de Port","Homes","Batxillerat superior / BUP / COU / FPII / CFGM grau mitjà","3335"
2022,3,"Sants-Montjuïc",13,"la Marina de Port","Homes","Estudis universitaris / CFGS grau superior","2004"
2022,3,"Sants-Montjuïc",13,"la Marina de Port","Homes","No consta","245"
2022,3,"Sants-Montjuïc",14,"la Font de la Guatlla","Dones","Sense estudis","119"
2022,3,"Sants-Montjuïc",14,"la Font de la Guatlla","Dones","Estudis primaris / certificat d'escolaritat / EGB","838"
2022,3,"Sants-Montjuïc",14,"la Font de la Guatlla","Dones","Batxillerat elemental / graduat escolar / ESO / FPI","1024"
2022,3,"Sants-Montjuïc",14,"la Font de la Guatlla","Dones","Batxillerat superior / BUP / COU / FPII / CFGM grau mitjà","1154"
2022,3,"Sants-Montjuïc",14,"la Font de la Guatlla","Dones","Estudis universitaris / CFGS grau superior","1659"
2022,3,"Sants-Montjuïc",14,"la Font de la Guatlla","Dones","No consta","55"
2022,3,"Sants-Montjuïc",14,"la Font de la Guatlla","Homes","Sense estudis","46"
2022,3,"Sants-Montjuïc",14,"la Font de la Guatlla","Homes","Estudis primaris / certificat d'escolaritat / EGB","736"
2022,3,"Sants-Montjuïc",14,"la Font de la Guatlla","Homes","Batxillerat elemental / graduat escolar / ESO / FPI","1084"
2022,3,"Sants-Montjuïc",14,"la Font de la Guatlla","Homes","Batxillerat superior / BUP / COU / FPII / CFGM grau mitjà","1246"
2022,3,"Sants-Montjuïc",14,"la Font de la Guatlla","Homes","Estudis universitaris / CFGS grau superior","1336"
2022,3,"Sants-Montjuïc",14,"la Font de la Guatlla","Homes","No consta","65"
2022,3,"Sants-Montjuïc",15,"Hostafrancs","Dones","Sense estudis","146"
2022,3,"Sants-Montjuïc",15,"Hostafrancs","Dones","Estudis primaris / certificat d'escolaritat / EGB","1238"
2022,3,"Sants-Montjuïc",15,"Hostafrancs","Dones","Batxillerat elemental / graduat escolar / ESO / FPI","1557"
2022,3,"Sants-Montjuïc",15,"Hostafrancs","Dones","Batxillerat superior / BUP / COU / FPII / CFGM grau mitjà","1715"
2022,3,"Sants-Montjuïc",15,"Hostafrancs","Dones","Estudis universitaris / CFGS grau superior","2658"
2022,3,"Sants-Montjuïc",15,"Hostafrancs","Dones","No consta","97"
2022,3,"Sants-Montjuïc",15,"Hostafrancs","Homes","Sense estudis","68"
2022,3,"Sants-Montjuïc",15,"Hostafrancs","Homes","Estudis primaris / certificat d'escolaritat / EGB","987"
2022,3,"Sants-Montjuïc",15,"Hostafrancs","Homes","Batxillerat elemental / graduat escolar / ESO / FPI","1556"
2022,3,"Sants-Montjuïc",15,"Hostafrancs","Homes","Batxillerat superior / BUP / COU / FPII / CFGM grau mitjà","1788"
2022,3,"Sants-Montjuïc",15,"Hostafrancs","Homes","Estudis universitaris / CFGS grau superior","2209"
2022,3,"Sants-Montjuïc",15,"Hostafrancs","Homes","No consta","81"
2022,3,"Sants-Montjuïc",16,"la Bordeta","Dones","Sense estudis","230"
2022,3,"Sants-Montjuïc",16,"la Bordeta","Dones","Estudis primaris / certificat d'escolaritat / EGB","1732"
2022,3,"Sants-Montjuïc",16,"la Bordeta","Dones","Batxillerat elemental / graduat escolar / ESO / FPI","2022"
2022,3,"Sants-Montjuïc",16,"la Bordeta","Dones","Batxillerat superior / BUP / COU / FPII / CFGM grau mitjà","2153"
2022,3,"Sants-Montjuïc",16,"la Bordeta","Dones","Estudis universitaris / CFGS grau superior","2687"
2022,3,"Sants-Montjuïc",16,"la Bordeta","Dones","No consta","119"
2022,3,"Sants-Montjuïc",16,"la Bordeta","Homes","Sense estudis","77"
2022,3,"Sants-Montjuïc",16,"la Bordeta","Homes","Estudis primaris / certificat d'escolaritat / EGB","1249"
2022,3,"Sants-Montjuïc",16,"la Bordeta","Homes","Batxillerat elemental / graduat escolar / ESO / FPI","2068"
2022,3,"Sants-Montjuïc",16,"la Bordeta","Homes","Batxillerat superior / BUP / COU / FPII / CFGM grau mitjà","2327"
2022,3,"Sants-Montjuïc",16,"la Bordeta","Homes","Estudis universitaris / CFGS grau superior","2085"
2022,3,"Sants-Montjuïc",16,"la Bordeta","Homes","No consta","107"
2022,3,"Sants-Montjuïc",17,"Sants - Badal","Dones","Sense estudis","293"
2022,3,"Sants-Montjuïc",17,"Sants - Badal","Dones","Estudis primaris / certificat d'escolaritat / EGB","2287"
2022,3,"Sants-Montjuïc",17,"Sants - Badal","Dones","Batxillerat elemental / graduat escolar / ESO / FPI","2655"
2022,3,"Sants-Montjuïc",17,"Sants - Badal","Dones","Batxillerat superior / BUP / COU / FPII / CFGM grau mitjà","2717"
2022,3,"Sants-Montjuïc",17,"Sants - Badal","Dones","Estudis universitaris / CFGS grau superior","3528"
2022,3,"Sants-Montjuïc",17,"Sants - Badal","Dones","No consta","112"
2022,3,"Sants-Montjuïc",17,"Sants - Badal","Homes","Sense estudis","118"
2022,3,"Sants-Montjuïc",17,"Sants - Badal","Homes","Estudis primaris / certificat d'escolaritat / EGB","1615"
2022,3,"Sants-Montjuïc",17,"Sants - Badal","Homes","Batxillerat elemental / graduat escolar / ESO / FPI","2436"
2022,3,"Sants-Montjuïc",17,"Sants - Badal","Homes","Batxillerat superior / BUP / COU / FPII / CFGM grau mitjà","2847"
2022,3,"Sants-Montjuïc",17,"Sants - Badal","Homes","Estudis universitaris / CFGS grau superior","2715"
2022,3,"Sants-Montjuïc",17,"Sants - Badal","Homes","No consta","143"
2022,3,"Sants-Montjuïc",18,"Sants","Dones","Sense estudis","423"
2022,3,"Sants-Montjuïc",18,"Sants","Dones","Estudis primaris / certificat d'escolaritat / EGB","3113"
2022,3,"Sants-Montjuïc",18,"Sants","Dones","Batxillerat elemental / graduat escolar / ESO / FPI","4106"
2022,3,"Sants-Montjuïc",18,"Sants","Dones","Batxillerat superior / BUP / COU / FPII / CFGM grau mitjà","4703"
2022,3,"Sants-Montjuïc",18,"Sants","Dones","Estudis universitaris / CFGS grau superior","7350"
2022,3,"Sants-Montjuïc",18,"Sants","Dones","No consta","172"
2022,3,"Sants-Montjuïc",18,"Sants","Homes","Sense estudis","136"
2022,3,"Sants-Montjuïc",18,"Sants","Homes","Estudis primaris / certificat d'escolaritat / EGB","2623"
2022,3,"Sants-Montjuïc",18,"Sants","Homes","Batxillerat elemental / graduat escolar / ESO / FPI","4279"
2022,3,"Sants-Montjuïc",18,"Sants","Homes","Batxillerat superior / BUP / COU / FPII / CFGM grau mitjà","5001"
2022,3,"Sants-Montjuïc",18,"Sants","Homes","Estudis universitaris / CFGS grau superior","5836"
2022,3,"Sants-Montjuïc",18,"Sants","Homes","No consta","213"
2022,4,"Les Corts",19,"les Corts","Dones","Sense estudis","272"
2022,4,"Les Corts",19,"les Corts","Dones","Estudis primaris / certificat d'escolaritat / EGB","2314"
2022,4,"Les Corts",19,"les Corts","Dones","Batxillerat elemental / graduat escolar / ESO / FPI","3549"
2022,4,"Les Corts",19,"les Corts","Dones","Batxillerat superior / BUP / COU / FPII / CFGM grau mitjà","5564"
2022,4,"Les Corts",19,"les Corts","Dones","Estudis universitaris / CFGS grau superior","9742"
2022,4,"Les Corts",19,"les Corts","Dones","No consta","226"
2022,4,"Les Corts",19,"les Corts","Homes","Sense estudis","85"
2022,4,"Les Corts",19,"les Corts","Homes","Estudis primaris / certificat d'escolaritat / EGB","1348"
2022,4,"Les Corts",19,"les Corts","Homes","Batxillerat elemental / graduat escolar / ESO / FPI","2744"
2022,4,"Les Corts",19,"les Corts","Homes","Batxillerat superior / BUP / COU / FPII / CFGM grau mitjà","5278"
2022,4,"Les Corts",19,"les Corts","Homes","Estudis universitaris / CFGS grau superior","8453"
2022,4,"Les Corts",19,"les Corts","Homes","No consta","251"
2022,4,"Les Corts",20,"la Maternitat i Sant Ramon","Dones","Sense estudis","233"
2022,4,"Les Corts",20,"la Maternitat i Sant Ramon","Dones","Estudis primaris / certificat d'escolaritat / EGB","1505"
2022,4,"Les Corts",20,"la Maternitat i Sant Ramon","Dones","Batxillerat elemental / graduat escolar / ESO / FPI","1957"
2022,4,"Les Corts",20,"la Maternitat i Sant Ramon","Dones","Batxillerat superior / BUP / COU / FPII / CFGM grau mitjà","2838"
2022,4,"Les Corts",20,"la Maternitat i Sant Ramon","Dones","Estudis universitaris / CFGS grau superior","4547"
2022,4,"Les Corts",20,"la Maternitat i Sant Ramon","Dones","No consta","113"
2022,4,"Les Corts",20,"la Maternitat i Sant Ramon","Homes","Sense estudis","80"
2022,4,"Les Corts",20,"la Maternitat i Sant Ramon","Homes","Estudis primaris / certificat d'escolaritat / EGB","903"
2022,4,"Les Corts",20,"la Maternitat i Sant Ramon","Homes","Batxillerat elemental / graduat escolar / ESO / FPI","1694"
2022,4,"Les Corts",20,"la Maternitat i Sant Ramon","Homes","Batxillerat superior / BUP / COU / FPII / CFGM grau mitjà","2726"
2022,4,"Les Corts",20,"la Maternitat i Sant Ramon","Homes","Estudis universitaris / CFGS grau superior","3938"
2022,4,"Les Corts",20,"la Maternitat i Sant Ramon","Homes","No consta","120"
2022,4,"Les Corts",21,"Pedralbes","Dones","Sense estudis","20"
2022,4,"Les Corts",21,"Pedralbes","Dones","Estudis primaris / certificat d'escolaritat / EGB","353"
2022,4,"Les Corts",21,"Pedralbes","Dones","Batxillerat elemental / graduat escolar / ESO / FPI","707"
2022,4,"Les Corts",21,"Pedralbes","Dones","Batxillerat superior / BUP / COU / FPII / CFGM grau mitjà","1466"
2022,4,"Les Corts",21,"Pedralbes","Dones","Estudis universitaris / CFGS grau superior","2677"
2022,4,"Les Corts",21,"Pedralbes","Dones","No consta","115"
2022,4,"Les Corts",21,"Pedralbes","Homes","Sense estudis","3"
2022,4,"Les Corts",21,"Pedralbes","Homes","Estudis primaris / certificat d'escolaritat / EGB","148"
2022,4,"Les Corts",21,"Pedralbes","Homes","Batxillerat elemental / graduat escolar / ESO / FPI","444"
2022,4,"Les Corts",21,"Pedralbes","Homes","Batxillerat superior / BUP / COU / FPII / CFGM grau mitjà","1142"
2022,4,"Les Corts",21,"Pedralbes","Homes","Estudis universitaris / CFGS grau superior","2631"
2022,4,"Les Corts",21,"Pedralbes","Homes","No consta","107"
2022,5,"Sarrià-Sant Gervasi",22,"Vallvidrera, el Tibidabo i les Planes","Dones","Sense estudis","26"
2022,5,"Sarrià-Sant Gervasi",22,"Vallvidrera, el Tibidabo i les Planes","Dones","Estudis primaris / certificat d'escolaritat / EGB","183"
2022,5,"Sarrià-Sant Gervasi",22,"Vallvidrera, el Tibidabo i les Planes","Dones","Batxillerat elemental / graduat escolar / ESO / FPI","301"
2022,5,"Sarrià-Sant Gervasi",22,"Vallvidrera, el Tibidabo i les Planes","Dones","Batxillerat superior / BUP / COU / FPII / CFGM grau mitjà","541"
2022,5,"Sarrià-Sant Gervasi",22,"Vallvidrera, el Tibidabo i les Planes","Dones","Estudis universitaris / CFGS grau superior","936"
2022,5,"Sarrià-Sant Gervasi",22,"Vallvidrera, el Tibidabo i les Planes","Dones","No consta","46"
2022,5,"Sarrià-Sant Gervasi",22,"Vallvidrera, el Tibidabo i les Planes","Homes","Sense estudis","7"
2022,5,"Sarrià-Sant Gervasi",22,"Vallvidrera, el Tibidabo i les Planes","Homes","Estudis primaris / certificat d'escolaritat / EGB","177"
2022,5,"Sarrià-Sant Gervasi",22,"Vallvidrera, el Tibidabo i les Planes","Homes","Batxillerat elemental / graduat escolar / ESO / FPI","342"
2022,5,"Sarrià-Sant Gervasi",22,"Vallvidrera, el Tibidabo i les Planes","Homes","Batxillerat superior / BUP / COU / FPII / CFGM grau mitjà","514"
2022,5,"Sarrià-Sant Gervasi",22,"Vallvidrera, el Tibidabo i les Planes","Homes","Estudis universitaris / CFGS grau superior","808"
2022,5,"Sarrià-Sant Gervasi",22,"Vallvidrera, el Tibidabo i les Planes","Homes","No consta","46"
2022,5,"Sarrià-Sant Gervasi",23,"Sarrià","Dones","Sense estudis","103"
2022,5,"Sarrià-Sant Gervasi",23,"Sarrià","Dones","Estudis primaris / certificat d'escolaritat / EGB","778"
2022,5,"Sarrià-Sant Gervasi",23,"Sarrià","Dones","Batxillerat elemental / graduat escolar / ESO / FPI","1428"
2022,5,"Sarrià-Sant Gervasi",23,"Sarrià","Dones","Batxillerat superior / BUP / COU / FPII / CFGM grau mitjà","2746"
2022,5,"Sarrià-Sant Gervasi",23,"Sarrià","Dones","Estudis universitaris / CFGS grau superior","5764"
2022,5,"Sarrià-Sant Gervasi",23,"Sarrià","Dones","No consta","211"
2022,5,"Sarrià-Sant Gervasi",23,"Sarrià","Homes","Sense estudis","22"
2022,5,"Sarrià-Sant Gervasi",23,"Sarrià","Homes","Estudis primaris / certificat d'escolaritat / EGB","503"
2022,5,"Sarrià-Sant Gervasi",23,"Sarrià","Homes","Batxillerat elemental / graduat escolar / ESO / FPI","1107"
2022,5,"Sarrià-Sant Gervasi",23,"Sarrià","Homes","Batxillerat superior / BUP / COU / FPII / CFGM grau mitjà","2408"
2022,5,"Sarrià-Sant Gervasi",23,"Sarrià","Homes","Estudis universitaris / CFGS grau superior","4934"
2022,5,"Sarrià-Sant Gervasi",23,"Sarrià","Homes","No consta","238"
2022,5,"Sarrià-Sant Gervasi",24,"les Tres Torres","Dones","Sense estudis","27"
2022,5,"Sarrià-Sant Gervasi",24,"les Tres Torres","Dones","Estudis primaris / certificat d'escolaritat / EGB","350"
2022,5,"Sarrià-Sant Gervasi",24,"les Tres Torres","Dones","Batxillerat elemental / graduat escolar / ESO / FPI","808"
2022,5,"Sarrià-Sant Gervasi",24,"les Tres Torres","Dones","Batxillerat superior / BUP / COU / FPII / CFGM grau mitjà","1992"
2022,5,"Sarrià-Sant Gervasi",24,"les Tres Torres","Dones","Estudis universitaris / CFGS grau superior","3888"
2022,5,"Sarrià-Sant Gervasi",24,"les Tres Torres","Dones","No consta","129"
2022,5,"Sarrià-Sant Gervasi",24,"les Tres Torres","Homes","Sense estudis","3"
2022,5,"Sarrià-Sant Gervasi",24,"les Tres Torres","Homes","Estudis primaris / certificat d'escolaritat / EGB","206"
2022,5,"Sarrià-Sant Gervasi",24,"les Tres Torres","Homes","Batxillerat elemental / graduat escolar / ESO / FPI","564"
2022,5,"Sarrià-Sant Gervasi",24,"les Tres Torres","Homes","Batxillerat superior / BUP / COU / FPII / CFGM grau mitjà","1627"
2022,5,"Sarrià-Sant Gervasi",24,"les Tres Torres","Homes","Estudis universitaris / CFGS grau superior","3510"
2022,5,"Sarrià-Sant Gervasi",24,"les Tres Torres","Homes","No consta","170"
2022,5,"Sarrià-Sant Gervasi",25,"Sant Gervasi - la Bonanova","Dones","Sense estudis","77"
2022,5,"Sarrià-Sant Gervasi",25,"Sant Gervasi - la Bonanova","Dones","Estudis primaris / certificat d'escolaritat / EGB","676"
2022,5,"Sarrià-Sant Gervasi",25,"Sant Gervasi - la Bonanova","Dones","Batxillerat elemental / graduat escolar / ESO / FPI","1495"
2022,5,"Sarrià-Sant Gervasi",25,"Sant Gervasi - la Bonanova","Dones","Batxillerat superior / BUP / COU / FPII / CFGM grau mitjà","3336"
2022,5,"Sarrià-Sant Gervasi",25,"Sant Gervasi - la Bonanova","Dones","Estudis universitaris / CFGS grau superior","6105"
2022,5,"Sarrià-Sant Gervasi",25,"Sant Gervasi - la Bonanova","Dones","No consta","215"
2022,5,"Sarrià-Sant Gervasi",25,"Sant Gervasi - la Bonanova","Homes","Sense estudis","14"
2022,5,"Sarrià-Sant Gervasi",25,"Sant Gervasi - la Bonanova","Homes","Estudis primaris / certificat d'escolaritat / EGB","394"
2022,5,"Sarrià-Sant Gervasi",25,"Sant Gervasi - la Bonanova","Homes","Batxillerat elemental / graduat escolar / ESO / FPI","1106"
2022,5,"Sarrià-Sant Gervasi",25,"Sant Gervasi - la Bonanova","Homes","Batxillerat superior / BUP / COU / FPII / CFGM grau mitjà","2659"
2022,5,"Sarrià-Sant Gervasi",25,"Sant Gervasi - la Bonanova","Homes","Estudis universitaris / CFGS grau superior","5231"
2022,5,"Sarrià-Sant Gervasi",25,"Sant Gervasi - la Bonanova","Homes","No consta","202"
2022,5,"Sarrià-Sant Gervasi",26,"Sant Gervasi - Galvany","Dones","Sense estudis","99"
2022,5,"Sarrià-Sant Gervasi",26,"Sant Gervasi - Galvany","Dones","Estudis primaris / certificat d'escolaritat / EGB","1250"
2022,5,"Sarrià-Sant Gervasi",26,"Sant Gervasi - Galvany","Dones","Batxillerat elemental / graduat escolar / ESO / FPI","2575"
2022,5,"Sarrià-Sant Gervasi",26,"Sant Gervasi - Galvany","Dones","Batxillerat superior / BUP / COU / FPII / CFGM grau mitjà","6451"
2022,5,"Sarrià-Sant Gervasi",26,"Sant Gervasi - Galvany","Dones","Estudis universitaris / CFGS grau superior","11726"
2022,5,"Sarrià-Sant Gervasi",26,"Sant Gervasi - Galvany","Dones","No consta","361"
2022,5,"Sarrià-Sant Gervasi",26,"Sant Gervasi - Galvany","Homes","Sense estudis","18"
2022,5,"Sarrià-Sant Gervasi",26,"Sant Gervasi - Galvany","Homes","Estudis primaris / certificat d'escolaritat / EGB","590"
2022,5,"Sarrià-Sant Gervasi",26,"Sant Gervasi - Galvany","Homes","Batxillerat elemental / graduat escolar / ESO / FPI","1794"
2022,5,"Sarrià-Sant Gervasi",26,"Sant Gervasi - Galvany","Homes","Batxillerat superior / BUP / COU / FPII / CFGM grau mitjà","4741"
2022,5,"Sarrià-Sant Gervasi",26,"Sant Gervasi - Galvany","Homes","Estudis universitaris / CFGS grau superior","10320"
2022,5,"Sarrià-Sant Gervasi",26,"Sant Gervasi - Galvany","Homes","No consta","404"
2022,5,"Sarrià-Sant Gervasi",27,"el Putxet i el Farró","Dones","Sense estudis","90"
2022,5,"Sarrià-Sant Gervasi",27,"el Putxet i el Farró","Dones","Estudis primaris / certificat d'escolaritat / EGB","812"
2022,5,"Sarrià-Sant Gervasi",27,"el Putxet i el Farró","Dones","Batxillerat elemental / graduat escolar / ESO / FPI","1823"
2022,5,"Sarrià-Sant Gervasi",27,"el Putxet i el Farró","Dones","Batxillerat superior / BUP / COU / FPII / CFGM grau mitjà","3747"
2022,5,"Sarrià-Sant Gervasi",27,"el Putxet i el Farró","Dones","Estudis universitaris / CFGS grau superior","7362"
2022,5,"Sarrià-Sant Gervasi",27,"el Putxet i el Farró","Dones","No consta","184"
2022,5,"Sarrià-Sant Gervasi",27,"el Putxet i el Farró","Homes","Sense estudis","23"
2022,5,"Sarrià-Sant Gervasi",27,"el Putxet i el Farró","Homes","Estudis primaris / certificat d'escolaritat / EGB","462"
2022,5,"Sarrià-Sant Gervasi",27,"el Putxet i el Farró","Homes","Batxillerat elemental / graduat escolar / ESO / FPI","1412"
2022,5,"Sarrià-Sant Gervasi",27,"el Putxet i el Farró","Homes","Batxillerat superior / BUP / COU / FPII / CFGM grau mitjà","3242"
2022,5,"Sarrià-Sant Gervasi",27,"el Putxet i el Farró","Homes","Estudis universitaris / CFGS grau superior","6113"
2022,5,"Sarrià-Sant Gervasi",27,"el Putxet i el Farró","Homes","No consta","192"
2022,6,"Gràcia",28,"Vallcarca i els Penitents","Dones","Sense estudis","136"
2022,6,"Gràcia",28,"Vallcarca i els Penitents","Dones","Estudis primaris / certificat d'escolaritat / EGB","803"
2022,6,"Gràcia",28,"Vallcarca i els Penitents","Dones","Batxillerat elemental / graduat escolar / ESO / FPI","1296"
2022,6,"Gràcia",28,"Vallcarca i els Penitents","Dones","Batxillerat superior / BUP / COU / FPII / CFGM grau mitjà","1862"
2022,6,"Gràcia",28,"Vallcarca i els Penitents","Dones","Estudis universitaris / CFGS grau superior","3293"
2022,6,"Gràcia",28,"Vallcarca i els Penitents","Dones","No consta","88"
2022,6,"Gràcia",28,"Vallcarca i els Penitents","Homes","Sense estudis","44"
2022,6,"Gràcia",28,"Vallcarca i els Penitents","Homes","Estudis primaris / certificat d'escolaritat / EGB","497"
2022,6,"Gràcia",28,"Vallcarca i els Penitents","Homes","Batxillerat elemental / graduat escolar / ESO / FPI","1147"
2022,6,"Gràcia",28,"Vallcarca i els Penitents","Homes","Batxillerat superior / BUP / COU / FPII / CFGM grau mitjà","1882"
2022,6,"Gràcia",28,"Vallcarca i els Penitents","Homes","Estudis universitaris / CFGS grau superior","2716"
2022,6,"Gràcia",28,"Vallcarca i els Penitents","Homes","No consta","114"
2022,6,"Gràcia",29,"el Coll","Dones","Sense estudis","76"
2022,6,"Gràcia",29,"el Coll","Dones","Estudis primaris / certificat d'escolaritat / EGB","529"
2022,6,"Gràcia",29,"el Coll","Dones","Batxillerat elemental / graduat escolar / ESO / FPI","759"
2022,6,"Gràcia",29,"el Coll","Dones","Batxillerat superior / BUP / COU / FPII / CFGM grau mitjà","930"
2022,6,"Gràcia",29,"el Coll","Dones","Estudis universitaris / CFGS grau superior","1275"
2022,6,"Gràcia",29,"el Coll","Dones","No consta","38"
2022,6,"Gràcia",29,"el Coll","Homes","Sense estudis","26"
2022,6,"Gràcia",29,"el Coll","Homes","Estudis primaris / certificat d'escolaritat / EGB","367"
2022,6,"Gràcia",29,"el Coll","Homes","Batxillerat elemental / graduat escolar / ESO / FPI","707"
2022,6,"Gràcia",29,"el Coll","Homes","Batxillerat superior / BUP / COU / FPII / CFGM grau mitjà","891"
2022,6,"Gràcia",29,"el Coll","Homes","Estudis universitaris / CFGS grau superior","960"
2022,6,"Gràcia",29,"el Coll","Homes","No consta","40"
2022,6,"Gràcia",30,"la Salut","Dones","Sense estudis","86"
2022,6,"Gràcia",30,"la Salut","Dones","Estudis primaris / certificat d'escolaritat / EGB","664"
2022,6,"Gràcia",30,"la Salut","Dones","Batxillerat elemental / graduat escolar / ESO / FPI","1098"
2022,6,"Gràcia",30,"la Salut","Dones","Batxillerat superior / BUP / COU / FPII / CFGM grau mitjà","1514"
2022,6,"Gràcia",30,"la Salut","Dones","Estudis universitaris / CFGS grau superior","2881"
2022,6,"Gràcia",30,"la Salut","Dones","No consta","59"
2022,6,"Gràcia",30,"la Salut","Homes","Sense estudis","27"
2022,6,"Gràcia",30,"la Salut","Homes","Estudis primaris / certificat d'escolaritat / EGB","445"
2022,6,"Gràcia",30,"la Salut","Homes","Batxillerat elemental / graduat escolar / ESO / FPI","905"
2022,6,"Gràcia",30,"la Salut","Homes","Batxillerat superior / BUP / COU / FPII / CFGM grau mitjà","1585"
2022,6,"Gràcia",30,"la Salut","Homes","Estudis universitaris / CFGS grau superior","2203"
2022,6,"Gràcia",30,"la Salut","Homes","No consta","88"
2022,6,"Gràcia",31,"la Vila de Gràcia","Dones","Sense estudis","381"
2022,6,"Gràcia",31,"la Vila de Gràcia","Dones","Estudis primaris / certificat d'escolaritat / EGB","2538"
2022,6,"Gràcia",31,"la Vila de Gràcia","Dones","Batxillerat elemental / graduat escolar / ESO / FPI","3443"
2022,6,"Gràcia",31,"la Vila de Gràcia","Dones","Batxillerat superior / BUP / COU / FPII / CFGM grau mitjà","5316"
2022,6,"Gràcia",31,"la Vila de Gràcia","Dones","Estudis universitaris / CFGS grau superior","12355"
2022,6,"Gràcia",31,"la Vila de Gràcia","Dones","No consta","239"
2022,6,"Gràcia",31,"la Vila de Gràcia","Homes","Sense estudis","89"
2022,6,"Gràcia",31,"la Vila de Gràcia","Homes","Estudis primaris / certificat d'escolaritat / EGB","1649"
2022,6,"Gràcia",31,"la Vila de Gràcia","Homes","Batxillerat elemental / graduat escolar / ESO / FPI","3200"
2022,6,"Gràcia",31,"la Vila de Gràcia","Homes","Batxillerat superior / BUP / COU / FPII / CFGM grau mitjà","5338"
2022,6,"Gràcia",31,"la Vila de Gràcia","Homes","Estudis universitaris / CFGS grau superior","9256"
2022,6,"Gràcia",31,"la Vila de Gràcia","Homes","No consta","263"
2022,6,"Gràcia",32,"el Camp d'en Grassot i Gràcia Nova","Dones","Sense estudis","249"
2022,6,"Gràcia",32,"el Camp d'en Grassot i Gràcia Nova","Dones","Estudis primaris / certificat d'escolaritat / EGB","1872"
2022,6,"Gràcia",32,"el Camp d'en Grassot i Gràcia Nova","Dones","Batxillerat elemental / graduat escolar / ESO / FPI","2864"
2022,6,"Gràcia",32,"el Camp d'en Grassot i Gràcia Nova","Dones","Batxillerat superior / BUP / COU / FPII / CFGM grau mitjà","4138"
2022,6,"Gràcia",32,"el Camp d'en Grassot i Gràcia Nova","Dones","Estudis universitaris / CFGS grau superior","7620"
2022,6,"Gràcia",32,"el Camp d'en Grassot i Gràcia Nova","Dones","No consta","168"
2022,6,"Gràcia",32,"el Camp d'en Grassot i Gràcia Nova","Homes","Sense estudis","71"
2022,6,"Gràcia",32,"el Camp d'en Grassot i Gràcia Nova","Homes","Estudis primaris / certificat d'escolaritat / EGB","1144"
2022,6,"Gràcia",32,"el Camp d'en Grassot i Gràcia Nova","Homes","Batxillerat elemental / graduat escolar / ESO / FPI","2565"
2022,6,"Gràcia",32,"el Camp d'en Grassot i Gràcia Nova","Homes","Batxillerat superior / BUP / COU / FPII / CFGM grau mitjà","4118"
2022,6,"Gràcia",32,"el Camp d'en Grassot i Gràcia Nova","Homes","Estudis universitaris / CFGS grau superior","5991"
2022,6,"Gràcia",32,"el Camp d'en Grassot i Gràcia Nova","Homes","No consta","158"
2022,7,"Horta-Guinardó",33,"el Baix Guinardó","Dones","Sense estudis","325"
2022,7,"Horta-Guinardó",33,"el Baix Guinardó","Dones","Estudis primaris / certificat d'escolaritat / EGB","1793"
2022,7,"Horta-Guinardó",33,"el Baix Guinardó","Dones","Batxillerat elemental / graduat escolar / ESO / FPI","2475"
2022,7,"Horta-Guinardó",33,"el Baix Guinardó","Dones","Batxillerat superior / BUP / COU / FPII / CFGM grau mitjà","3094"
2022,7,"Horta-Guinardó",33,"el Baix Guinardó","Dones","Estudis universitaris / CFGS grau superior","4552"
2022,7,"Horta-Guinardó",33,"el Baix Guinardó","Dones","No consta","129"
2022,7,"Horta-Guinardó",33,"el Baix Guinardó","Homes","Sense estudis","102"
2022,7,"Horta-Guinardó",33,"el Baix Guinardó","Homes","Estudis primaris / certificat d'escolaritat / EGB","981"
2022,7,"Horta-Guinardó",33,"el Baix Guinardó","Homes","Batxillerat elemental / graduat escolar / ESO / FPI","2294"
2022,7,"Horta-Guinardó",33,"el Baix Guinardó","Homes","Batxillerat superior / BUP / COU / FPII / CFGM grau mitjà","3288"
2022,7,"Horta-Guinardó",33,"el Baix Guinardó","Homes","Estudis universitaris / CFGS grau superior","3520"
2022,7,"Horta-Guinardó",33,"el Baix Guinardó","Homes","No consta","132"
2022,7,"Horta-Guinardó",34,"Can Baró","Dones","Sense estudis","132"
2022,7,"Horta-Guinardó",34,"Can Baró","Dones","Estudis primaris / certificat d'escolaritat / EGB","698"
2022,7,"Horta-Guinardó",34,"Can Baró","Dones","Batxillerat elemental / graduat escolar / ESO / FPI","937"
2022,7,"Horta-Guinardó",34,"Can Baró","Dones","Batxillerat superior / BUP / COU / FPII / CFGM grau mitjà","1010"
2022,7,"Horta-Guinardó",34,"Can Baró","Dones","Estudis universitaris / CFGS grau superior","1460"
2022,7,"Horta-Guinardó",34,"Can Baró","Dones","No consta","40"
2022,7,"Horta-Guinardó",34,"Can Baró","Homes","Sense estudis","35"
2022,7,"Horta-Guinardó",34,"Can Baró","Homes","Estudis primaris / certificat d'escolaritat / EGB","568"
2022,7,"Horta-Guinardó",34,"Can Baró","Homes","Batxillerat elemental / graduat escolar / ESO / FPI","966"
2022,7,"Horta-Guinardó",34,"Can Baró","Homes","Batxillerat superior / BUP / COU / FPII / CFGM grau mitjà","1126"
2022,7,"Horta-Guinardó",34,"Can Baró","Homes","Estudis universitaris / CFGS grau superior","1046"
2022,7,"Horta-Guinardó",34,"Can Baró","Homes","No consta","57"
2022,7,"Horta-Guinardó",35,"el Guinardó","Dones","Sense estudis","345"
2022,7,"Horta-Guinardó",35,"el Guinardó","Dones","Estudis primaris / certificat d'escolaritat / EGB","2493"
2022,7,"Horta-Guinardó",35,"el Guinardó","Dones","Batxillerat elemental / graduat escolar / ESO / FPI","3714"
2022,7,"Horta-Guinardó",35,"el Guinardó","Dones","Batxillerat superior / BUP / COU / FPII / CFGM grau mitjà","4623"
2022,7,"Horta-Guinardó",35,"el Guinardó","Dones","Estudis universitaris / CFGS grau superior","6103"
2022,7,"Horta-Guinardó",35,"el Guinardó","Dones","No consta","179"
2022,7,"Horta-Guinardó",35,"el Guinardó","Homes","Sense estudis","112"
2022,7,"Horta-Guinardó",35,"el Guinardó","Homes","Estudis primaris / certificat d'escolaritat / EGB","1708"
2022,7,"Horta-Guinardó",35,"el Guinardó","Homes","Batxillerat elemental / graduat escolar / ESO / FPI","3464"
2022,7,"Horta-Guinardó",35,"el Guinardó","Homes","Batxillerat superior / BUP / COU / FPII / CFGM grau mitjà","4738"
2022,7,"Horta-Guinardó",35,"el Guinardó","Homes","Estudis universitaris / CFGS grau superior","4674"
2022,7,"Horta-Guinardó",35,"el Guinardó","Homes","No consta","210"
2022,7,"Horta-Guinardó",36,"la Font d'en Fargues","Dones","Sense estudis","74"
2022,7,"Horta-Guinardó",36,"la Font d'en Fargues","Dones","Estudis primaris / certificat d'escolaritat / EGB","597"
2022,7,"Horta-Guinardó",36,"la Font d'en Fargues","Dones","Batxillerat elemental / graduat escolar / ESO / FPI","907"
2022,7,"Horta-Guinardó",36,"la Font d'en Fargues","Dones","Batxillerat superior / BUP / COU / FPII / CFGM grau mitjà","1117"
2022,7,"Horta-Guinardó",36,"la Font d'en Fargues","Dones","Estudis universitaris / CFGS grau superior","1571"
2022,7,"Horta-Guinardó",36,"la Font d'en Fargues","Dones","No consta","66"
2022,7,"Horta-Guinardó",36,"la Font d'en Fargues","Homes","Sense estudis","29"
2022,7,"Horta-Guinardó",36,"la Font d'en Fargues","Homes","Estudis primaris / certificat d'escolaritat / EGB","369"
2022,7,"Horta-Guinardó",36,"la Font d'en Fargues","Homes","Batxillerat elemental / graduat escolar / ESO / FPI","876"
2022,7,"Horta-Guinardó",36,"la Font d'en Fargues","Homes","Batxillerat superior / BUP / COU / FPII / CFGM grau mitjà","1189"
2022,7,"Horta-Guinardó",36,"la Font d'en Fargues","Homes","Estudis universitaris / CFGS grau superior","1322"
2022,7,"Horta-Guinardó",36,"la Font d'en Fargues","Homes","No consta","66"
2022,7,"Horta-Guinardó",37,"el Carmel","Dones","Sense estudis","637"
2022,7,"Horta-Guinardó",37,"el Carmel","Dones","Estudis primaris / certificat d'escolaritat / EGB","3596"
2022,7,"Horta-Guinardó",37,"el Carmel","Dones","Batxillerat elemental / graduat escolar / ESO / FPI","4331"
2022,7,"Horta-Guinardó",37,"el Carmel","Dones","Batxillerat superior / BUP / COU / FPII / CFGM grau mitjà","3399"
2022,7,"Horta-Guinardó",37,"el Carmel","Dones","Estudis universitaris / CFGS grau superior","2600"
2022,7,"Horta-Guinardó",37,"el Carmel","Dones","No consta","200"
2022,7,"Horta-Guinardó",37,"el Carmel","Homes","Sense estudis","279"
2022,7,"Horta-Guinardó",37,"el Carmel","Homes","Estudis primaris / certificat d'escolaritat / EGB","2933"
2022,7,"Horta-Guinardó",37,"el Carmel","Homes","Batxillerat elemental / graduat escolar / ESO / FPI","4585"
2022,7,"Horta-Guinardó",37,"el Carmel","Homes","Batxillerat superior / BUP / COU / FPII / CFGM grau mitjà","3303"
2022,7,"Horta-Guinardó",37,"el Carmel","Homes","Estudis universitaris / CFGS grau superior","1770"
2022,7,"Horta-Guinardó",37,"el Carmel","Homes","No consta","257"
2022,7,"Horta-Guinardó",38,"la Teixonera","Dones","Sense estudis","195"
2022,7,"Horta-Guinardó",38,"la Teixonera","Dones","Estudis primaris / certificat d'escolaritat / EGB","1220"
2022,7,"Horta-Guinardó",38,"la Teixonera","Dones","Batxillerat elemental / graduat escolar / ESO / FPI","1479"
2022,7,"Horta-Guinardó",38,"la Teixonera","Dones","Batxillerat superior / BUP / COU / FPII / CFGM grau mitjà","1291"
2022,7,"Horta-Guinardó",38,"la Teixonera","Dones","Estudis universitaris / CFGS grau superior","1221"
2022,7,"Horta-Guinardó",38,"la Teixonera","Dones","No consta","80"
2022,7,"Horta-Guinardó",38,"la Teixonera","Homes","Sense estudis","91"
2022,7,"Horta-Guinardó",38,"la Teixonera","Homes","Estudis primaris / certificat d'escolaritat / EGB","942"
2022,7,"Horta-Guinardó",38,"la Teixonera","Homes","Batxillerat elemental / graduat escolar / ESO / FPI","1609"
2022,7,"Horta-Guinardó",38,"la Teixonera","Homes","Batxillerat superior / BUP / COU / FPII / CFGM grau mitjà","1324"
2022,7,"Horta-Guinardó",38,"la Teixonera","Homes","Estudis universitaris / CFGS grau superior","855"
2022,7,"Horta-Guinardó",38,"la Teixonera","Homes","No consta","88"
2022,7,"Horta-Guinardó",39,"Sant Genís dels Agudells","Dones","Sense estudis","132"
2022,7,"Horta-Guinardó",39,"Sant Genís dels Agudells","Dones","Estudis primaris / certificat d'escolaritat / EGB","665"
2022,7,"Horta-Guinardó",39,"Sant Genís dels Agudells","Dones","Batxillerat elemental / graduat escolar / ESO / FPI","864"
2022,7,"Horta-Guinardó",39,"Sant Genís dels Agudells","Dones","Batxillerat superior / BUP / COU / FPII / CFGM grau mitjà","915"
2022,7,"Horta-Guinardó",39,"Sant Genís dels Agudells","Dones","Estudis universitaris / CFGS grau superior","797"
2022,7,"Horta-Guinardó",39,"Sant Genís dels Agudells","Dones","No consta","35"
2022,7,"Horta-Guinardó",39,"Sant Genís dels Agudells","Homes","Sense estudis","59"
2022,7,"Horta-Guinardó",39,"Sant Genís dels Agudells","Homes","Estudis primaris / certificat d'escolaritat / EGB","520"
2022,7,"Horta-Guinardó",39,"Sant Genís dels Agudells","Homes","Batxillerat elemental / graduat escolar / ESO / FPI","873"
2022,7,"Horta-Guinardó",39,"Sant Genís dels Agudells","Homes","Batxillerat superior / BUP / COU / FPII / CFGM grau mitjà","796"
2022,7,"Horta-Guinardó",39,"Sant Genís dels Agudells","Homes","Estudis universitaris / CFGS grau superior","568"
2022,7,"Horta-Guinardó",39,"Sant Genís dels Agudells","Homes","No consta","71"
2022,7,"Horta-Guinardó",40,"Montbau","Dones","Sense estudis","130"
2022,7,"Horta-Guinardó",40,"Montbau","Dones","Estudis primaris / certificat d'escolaritat / EGB","394"
2022,7,"Horta-Guinardó",40,"Montbau","Dones","Batxillerat elemental / graduat escolar / ESO / FPI","509"
2022,7,"Horta-Guinardó",40,"Montbau","Dones","Batxillerat superior / BUP / COU / FPII / CFGM grau mitjà","621"
2022,7,"Horta-Guinardó",40,"Montbau","Dones","Estudis universitaris / CFGS grau superior","767"
2022,7,"Horta-Guinardó",40,"Montbau","Dones","No consta","33"
2022,7,"Horta-Guinardó",40,"Montbau","Homes","Sense estudis","41"
2022,7,"Horta-Guinardó",40,"Montbau","Homes","Estudis primaris / certificat d'escolaritat / EGB","254"
2022,7,"Horta-Guinardó",40,"Montbau","Homes","Batxillerat elemental / graduat escolar / ESO / FPI","532"
2022,7,"Horta-Guinardó",40,"Montbau","Homes","Batxillerat superior / BUP / COU / FPII / CFGM grau mitjà","598"
2022,7,"Horta-Guinardó",40,"Montbau","Homes","Estudis universitaris / CFGS grau superior","515"
2022,7,"Horta-Guinardó",40,"Montbau","Homes","No consta","32"
2022,7,"Horta-Guinardó",41,"la Vall d'Hebron","Dones","Sense estudis","79"
2022,7,"Horta-Guinardó",41,"la Vall d'Hebron","Dones","Estudis primaris / certificat d'escolaritat / EGB","467"
2022,7,"Horta-Guinardó",41,"la Vall d'Hebron","Dones","Batxillerat elemental / graduat escolar / ESO / FPI","588"
2022,7,"Horta-Guinardó",41,"la Vall d'Hebron","Dones","Batxillerat superior / BUP / COU / FPII / CFGM grau mitjà","689"
2022,7,"Horta-Guinardó",41,"la Vall d'Hebron","Dones","Estudis universitaris / CFGS grau superior","944"
2022,7,"Horta-Guinardó",41,"la Vall d'Hebron","Dones","No consta","29"
2022,7,"Horta-Guinardó",41,"la Vall d'Hebron","Homes","Sense estudis","29"
2022,7,"Horta-Guinardó",41,"la Vall d'Hebron","Homes","Estudis primaris / certificat d'escolaritat / EGB","308"
2022,7,"Horta-Guinardó",41,"la Vall d'Hebron","Homes","Batxillerat elemental / graduat escolar / ESO / FPI","558"
2022,7,"Horta-Guinardó",41,"la Vall d'Hebron","Homes","Batxillerat superior / BUP / COU / FPII / CFGM grau mitjà","748"
2022,7,"Horta-Guinardó",41,"la Vall d'Hebron","Homes","Estudis universitaris / CFGS grau superior","700"
2022,7,"Horta-Guinardó",41,"la Vall d'Hebron","Homes","No consta","32"
2022,7,"Horta-Guinardó",42,"la Clota","Dones","Sense estudis","8"
2022,7,"Horta-Guinardó",42,"la Clota","Dones","Estudis primaris / certificat d'escolaritat / EGB","39"
2022,7,"Horta-Guinardó",42,"la Clota","Dones","Batxillerat elemental / graduat escolar / ESO / FPI","71"
2022,7,"Horta-Guinardó",42,"la Clota","Dones","Batxillerat superior / BUP / COU / FPII / CFGM grau mitjà","61"
2022,7,"Horta-Guinardó",42,"la Clota","Dones","Estudis universitaris / CFGS grau superior","94"
2022,7,"Horta-Guinardó",42,"la Clota","Dones","No consta","1"
2022,7,"Horta-Guinardó",42,"la Clota","Homes","Sense estudis","3"
2022,7,"Horta-Guinardó",42,"la Clota","Homes","Estudis primaris / certificat d'escolaritat / EGB","47"
2022,7,"Horta-Guinardó",42,"la Clota","Homes","Batxillerat elemental / graduat escolar / ESO / FPI","88"
2022,7,"Horta-Guinardó",42,"la Clota","Homes","Batxillerat superior / BUP / COU / FPII / CFGM grau mitjà","67"
2022,7,"Horta-Guinardó",42,"la Clota","Homes","Estudis universitaris / CFGS grau superior","71"
2022,7,"Horta-Guinardó",42,"la Clota","Homes","No consta","3"
2022,7,"Horta-Guinardó",43,"Horta","Dones","Sense estudis","449"
2022,7,"Horta-Guinardó",43,"Horta","Dones","Estudis primaris / certificat d'escolaritat / EGB","2504"
2022,7,"Horta-Guinardó",43,"Horta","Dones","Batxillerat elemental / graduat escolar / ESO / FPI","2988"
2022,7,"Horta-Guinardó",43,"Horta","Dones","Batxillerat superior / BUP / COU / FPII / CFGM grau mitjà","3295"
2022,7,"Horta-Guinardó",43,"Horta","Dones","Estudis universitaris / CFGS grau superior","3627"
2022,7,"Horta-Guinardó",43,"Horta","Dones","No consta","160"
2022,7,"Horta-Guinardó",43,"Horta","Homes","Sense estudis","181"
2022,7,"Horta-Guinardó",43,"Horta","Homes","Estudis primaris / certificat d'escolaritat / EGB","1966"
2022,7,"Horta-Guinardó",43,"Horta","Homes","Batxillerat elemental / graduat escolar / ESO / FPI","3067"
2022,7,"Horta-Guinardó",43,"Horta","Homes","Batxillerat superior / BUP / COU / FPII / CFGM grau mitjà","3393"
2022,7,"Horta-Guinardó",43,"Horta","Homes","Estudis universitaris / CFGS grau superior","2459"
2022,7,"Horta-Guinardó",43,"Horta","Homes","No consta","182"
2022,8,"Nou Barris",44,"Vilapicina i la Torre Llobeta","Dones","Sense estudis","388"
2022,8,"Nou Barris",44,"Vilapicina i la Torre Llobeta","Dones","Estudis primaris / certificat d'escolaritat / EGB","2363"
2022,8,"Nou Barris",44,"Vilapicina i la Torre Llobeta","Dones","Batxillerat elemental / graduat escolar / ESO / FPI","3026"
2022,8,"Nou Barris",44,"Vilapicina i la Torre Llobeta","Dones","Batxillerat superior / BUP / COU / FPII / CFGM grau mitjà","3068"
2022,8,"Nou Barris",44,"Vilapicina i la Torre Llobeta","Dones","Estudis universitaris / CFGS grau superior","3327"
2022,8,"Nou Barris",44,"Vilapicina i la Torre Llobeta","Dones","No consta","151"
2022,8,"Nou Barris",44,"Vilapicina i la Torre Llobeta","Homes","Sense estudis","136"
2022,8,"Nou Barris",44,"Vilapicina i la Torre Llobeta","Homes","Estudis primaris / certificat d'escolaritat / EGB","1643"
2022,8,"Nou Barris",44,"Vilapicina i la Torre Llobeta","Homes","Batxillerat elemental / graduat escolar / ESO / FPI","2831"
2022,8,"Nou Barris",44,"Vilapicina i la Torre Llobeta","Homes","Batxillerat superior / BUP / COU / FPII / CFGM grau mitjà","3145"
2022,8,"Nou Barris",44,"Vilapicina i la Torre Llobeta","Homes","Estudis universitaris / CFGS grau superior","2356"
2022,8,"Nou Barris",44,"Vilapicina i la Torre Llobeta","Homes","No consta","167"
2022,8,"Nou Barris",45,"Porta","Dones","Sense estudis","451"
2022,8,"Nou Barris",45,"Porta","Dones","Estudis primaris / certificat d'escolaritat / EGB","2934"
2022,8,"Nou Barris",45,"Porta","Dones","Batxillerat elemental / graduat escolar / ESO / FPI","3385"
2022,8,"Nou Barris",45,"Porta","Dones","Batxillerat superior / BUP / COU / FPII / CFGM grau mitjà","3180"
2022,8,"Nou Barris",45,"Porta","Dones","Estudis universitaris / CFGS grau superior","2635"
2022,8,"Nou Barris",45,"Porta","Dones","No consta","126"
2022,8,"Nou Barris",45,"Porta","Homes","Sense estudis","213"
2022,8,"Nou Barris",45,"Porta","Homes","Estudis primaris / certificat d'escolaritat / EGB","2341"
2022,8,"Nou Barris",45,"Porta","Homes","Batxillerat elemental / graduat escolar / ESO / FPI","3546"
2022,8,"Nou Barris",45,"Porta","Homes","Batxillerat superior / BUP / COU / FPII / CFGM grau mitjà","3142"
2022,8,"Nou Barris",45,"Porta","Homes","Estudis universitaris / CFGS grau superior","1829"
2022,8,"Nou Barris",45,"Porta","Homes","No consta","151"
2022,8,"Nou Barris",46,"el Turó de la Peira","Dones","Sense estudis","341"
2022,8,"Nou Barris",46,"el Turó de la Peira","Dones","Estudis primaris / certificat d'escolaritat / EGB","1753"
2022,8,"Nou Barris",46,"el Turó de la Peira","Dones","Batxillerat elemental / graduat escolar / ESO / FPI","2081"
2022,8,"Nou Barris",46,"el Turó de la Peira","Dones","Batxillerat superior / BUP / COU / FPII / CFGM grau mitjà","1796"
2022,8,"Nou Barris",46,"el Turó de la Peira","Dones","Estudis universitaris / CFGS grau superior","1362"
2022,8,"Nou Barris",46,"el Turó de la Peira","Dones","No consta","103"
2022,8,"Nou Barris",46,"el Turó de la Peira","Homes","Sense estudis","110"
2022,8,"Nou Barris",46,"el Turó de la Peira","Homes","Estudis primaris / certificat d'escolaritat / EGB","1281"
2022,8,"Nou Barris",46,"el Turó de la Peira","Homes","Batxillerat elemental / graduat escolar / ESO / FPI","2026"
2022,8,"Nou Barris",46,"el Turó de la Peira","Homes","Batxillerat superior / BUP / COU / FPII / CFGM grau mitjà","1712"
2022,8,"Nou Barris",46,"el Turó de la Peira","Homes","Estudis universitaris / CFGS grau superior","967"
2022,8,"Nou Barris",46,"el Turó de la Peira","Homes","No consta","100"
2022,8,"Nou Barris",47,"Can Peguera","Dones","Sense estudis","53"
2022,8,"Nou Barris",47,"Can Peguera","Dones","Estudis primaris / certificat d'escolaritat / EGB","315"
2022,8,"Nou Barris",47,"Can Peguera","Dones","Batxillerat elemental / graduat escolar / ESO / FPI","316"
2022,8,"Nou Barris",47,"Can Peguera","Dones","Batxillerat superior / BUP / COU / FPII / CFGM grau mitjà","188"
2022,8,"Nou Barris",47,"Can Peguera","Dones","Estudis universitaris / CFGS grau superior","121"
2022,8,"Nou Barris",47,"Can Peguera","Dones","No consta","19"
2022,8,"Nou Barris",47,"Can Peguera","Homes","Sense estudis","11"
2022,8,"Nou Barris",47,"Can Peguera","Homes","Estudis primaris / certificat d'escolaritat / EGB","254"
2022,8,"Nou Barris",47,"Can Peguera","Homes","Batxillerat elemental / graduat escolar / ESO / FPI","339"
2022,8,"Nou Barris",47,"Can Peguera","Homes","Batxillerat superior / BUP / COU / FPII / CFGM grau mitjà","165"
2022,8,"Nou Barris",47,"Can Peguera","Homes","Estudis universitaris / CFGS grau superior","79"
2022,8,"Nou Barris",47,"Can Peguera","Homes","No consta","24"
2022,8,"Nou Barris",48,"la Guineueta","Dones","Sense estudis","284"
2022,8,"Nou Barris",48,"la Guineueta","Dones","Estudis primaris / certificat d'escolaritat / EGB","1618"
2022,8,"Nou Barris",48,"la Guineueta","Dones","Batxillerat elemental / graduat escolar / ESO / FPI","1865"
2022,8,"Nou Barris",48,"la Guineueta","Dones","Batxillerat superior / BUP / COU / FPII / CFGM grau mitjà","1750"
2022,8,"Nou Barris",48,"la Guineueta","Dones","Estudis universitaris / CFGS grau superior","1549"
2022,8,"Nou Barris",48,"la Guineueta","Dones","No consta","92"
2022,8,"Nou Barris",48,"la Guineueta","Homes","Sense estudis","117"
2022,8,"Nou Barris",48,"la Guineueta","Homes","Estudis primaris / certificat d'escolaritat / EGB","1034"
2022,8,"Nou Barris",48,"la Guineueta","Homes","Batxillerat elemental / graduat escolar / ESO / FPI","1850"
2022,8,"Nou Barris",48,"la Guineueta","Homes","Batxillerat superior / BUP / COU / FPII / CFGM grau mitjà","1782"
2022,8,"Nou Barris",48,"la Guineueta","Homes","Estudis universitaris / CFGS grau superior","1071"
2022,8,"Nou Barris",48,"la Guineueta","Homes","No consta","111"
2022,8,"Nou Barris",49,"Canyelles","Dones","Sense estudis","127"
2022,8,"Nou Barris",49,"Canyelles","Dones","Estudis primaris / certificat d'escolaritat / EGB","907"
2022,8,"Nou Barris",49,"Canyelles","Dones","Batxillerat elemental / graduat escolar / ESO / FPI","1004"
2022,8,"Nou Barris",49,"Canyelles","Dones","Batxillerat superior / BUP / COU / FPII / CFGM grau mitjà","598"
2022,8,"Nou Barris",49,"Canyelles","Dones","Estudis universitaris / CFGS grau superior","525"
2022,8,"Nou Barris",49,"Canyelles","Dones","No consta","47"
2022,8,"Nou Barris",49,"Canyelles","Homes","Sense estudis","58"
2022,8,"Nou Barris",49,"Canyelles","Homes","Estudis primaris / certificat d'escolaritat / EGB","720"
2022,8,"Nou Barris",49,"Canyelles","Homes","Batxillerat elemental / graduat escolar / ESO / FPI","1005"
2022,8,"Nou Barris",49,"Canyelles","Homes","Batxillerat superior / BUP / COU / FPII / CFGM grau mitjà","662"
2022,8,"Nou Barris",49,"Canyelles","Homes","Estudis universitaris / CFGS grau superior","306"
2022,8,"Nou Barris",49,"Canyelles","Homes","No consta","51"
2022,8,"Nou Barris",50,"les Roquetes","Dones","Sense estudis","290"
2022,8,"Nou Barris",50,"les Roquetes","Dones","Estudis primaris / certificat d'escolaritat / EGB","2087"
2022,8,"Nou Barris",50,"les Roquetes","Dones","Batxillerat elemental / graduat escolar / ESO / FPI","2273"
2022,8,"Nou Barris",50,"les Roquetes","Dones","Batxillerat superior / BUP / COU / FPII / CFGM grau mitjà","1459"
2022,8,"Nou Barris",50,"les Roquetes","Dones","Estudis universitaris / CFGS grau superior","856"
2022,8,"Nou Barris",50,"les Roquetes","Dones","No consta","123"
2022,8,"Nou Barris",50,"les Roquetes","Homes","Sense estudis","118"
2022,8,"Nou Barris",50,"les Roquetes","Homes","Estudis primaris / certificat d'escolaritat / EGB","1851"
2022,8,"Nou Barris",50,"les Roquetes","Homes","Batxillerat elemental / graduat escolar / ESO / FPI","2402"
2022,8,"Nou Barris",50,"les Roquetes","Homes","Batxillerat superior / BUP / COU / FPII / CFGM grau mitjà","1358"
2022,8,"Nou Barris",50,"les Roquetes","Homes","Estudis universitaris / CFGS grau superior","586"
2022,8,"Nou Barris",50,"les Roquetes","Homes","No consta","170"
2022,8,"Nou Barris",51,"Verdun","Dones","Sense estudis","244"
2022,8,"Nou Barris",51,"Verdun","Dones","Estudis primaris / certificat d'escolaritat / EGB","1557"
2022,8,"Nou Barris",51,"Verdun","Dones","Batxillerat elemental / graduat escolar / ESO / FPI","1788"
2022,8,"Nou Barris",51,"Verdun","Dones","Batxillerat superior / BUP / COU / FPII / CFGM grau mitjà","1353"
2022,8,"Nou Barris",51,"Verdun","Dones","Estudis universitaris / CFGS grau superior","873"
2022,8,"Nou Barris",51,"Verdun","Dones","No consta","85"
2022,8,"Nou Barris",51,"Verdun","Homes","Sense estudis","106"
2022,8,"Nou Barris",51,"Verdun","Homes","Estudis primaris / certificat d'escolaritat / EGB","1202"
2022,8,"Nou Barris",51,"Verdun","Homes","Batxillerat elemental / graduat escolar / ESO / FPI","1777"
2022,8,"Nou Barris",51,"Verdun","Homes","Batxillerat superior / BUP / COU / FPII / CFGM grau mitjà","1160"
2022,8,"Nou Barris",51,"Verdun","Homes","Estudis universitaris / CFGS grau superior","578"
2022,8,"Nou Barris",51,"Verdun","Homes","No consta","106"
2022,8,"Nou Barris",52,"la Prosperitat","Dones","Sense estudis","615"
2022,8,"Nou Barris",52,"la Prosperitat","Dones","Estudis primaris / certificat d'escolaritat / EGB","3226"
2022,8,"Nou Barris",52,"la Prosperitat","Dones","Batxillerat elemental / graduat escolar / ESO / FPI","3682"
2022,8,"Nou Barris",52,"la Prosperitat","Dones","Batxillerat superior / BUP / COU / FPII / CFGM grau mitjà","2789"
2022,8,"Nou Barris",52,"la Prosperitat","Dones","Estudis universitaris / CFGS grau superior","1912"
2022,8,"Nou Barris",52,"la Prosperitat","Dones","No consta","137"
2022,8,"Nou Barris",52,"la Prosperitat","Homes","Sense estudis","273"
2022,8,"Nou Barris",52,"la Prosperitat","Homes","Estudis primaris / certificat d'escolaritat / EGB","2497"
2022,8,"Nou Barris",52,"la Prosperitat","Homes","Batxillerat elemental / graduat escolar / ESO / FPI","3731"
2022,8,"Nou Barris",52,"la Prosperitat","Homes","Batxillerat superior / BUP / COU / FPII / CFGM grau mitjà","2707"
2022,8,"Nou Barris",52,"la Prosperitat","Homes","Estudis universitaris / CFGS grau superior","1237"
2022,8,"Nou Barris",52,"la Prosperitat","Homes","No consta","171"
2022,8,"Nou Barris",53,"la Trinitat Nova","Dones","Sense estudis","168"
2022,8,"Nou Barris",53,"la Trinitat Nova","Dones","Estudis primaris / certificat d'escolaritat / EGB","954"
2022,8,"Nou Barris",53,"la Trinitat Nova","Dones","Batxillerat elemental / graduat escolar / ESO / FPI","1144"
2022,8,"Nou Barris",53,"la Trinitat Nova","Dones","Batxillerat superior / BUP / COU / FPII / CFGM grau mitjà","656"
2022,8,"Nou Barris",53,"la Trinitat Nova","Dones","Estudis universitaris / CFGS grau superior","360"
2022,8,"Nou Barris",53,"la Trinitat Nova","Dones","No consta","62"
2022,8,"Nou Barris",53,"la Trinitat Nova","Homes","Sense estudis","28"
2022,8,"Nou Barris",53,"la Trinitat Nova","Homes","Estudis primaris / certificat d'escolaritat / EGB","857"
2022,8,"Nou Barris",53,"la Trinitat Nova","Homes","Batxillerat elemental / graduat escolar / ESO / FPI","1187"
2022,8,"Nou Barris",53,"la Trinitat Nova","Homes","Batxillerat superior / BUP / COU / FPII / CFGM grau mitjà","641"
2022,8,"Nou Barris",53,"la Trinitat Nova","Homes","Estudis universitaris / CFGS grau superior","236"
2022,8,"Nou Barris",53,"la Trinitat Nova","Homes","No consta","76"
2022,8,"Nou Barris",54,"Torre Baró","Dones","Sense estudis","38"
2022,8,"Nou Barris",54,"Torre Baró","Dones","Estudis primaris / certificat d'escolaritat / EGB","389"
2022,8,"Nou Barris",54,"Torre Baró","Dones","Batxillerat elemental / graduat escolar / ESO / FPI","394"
2022,8,"Nou Barris",54,"Torre Baró","Dones","Batxillerat superior / BUP / COU / FPII / CFGM grau mitjà","212"
2022,8,"Nou Barris",54,"Torre Baró","Dones","Estudis universitaris / CFGS grau superior","126"
2022,8,"Nou Barris",54,"Torre Baró","Dones","No consta","30"
2022,8,"Nou Barris",54,"Torre Baró","Homes","Sense estudis","22"
2022,8,"Nou Barris",54,"Torre Baró","Homes","Estudis primaris / certificat d'escolaritat / EGB","393"
2022,8,"Nou Barris",54,"Torre Baró","Homes","Batxillerat elemental / graduat escolar / ESO / FPI","428"
2022,8,"Nou Barris",54,"Torre Baró","Homes","Batxillerat superior / BUP / COU / FPII / CFGM grau mitjà","202"
2022,8,"Nou Barris",54,"Torre Baró","Homes","Estudis universitaris / CFGS grau superior","104"
2022,8,"Nou Barris",54,"Torre Baró","Homes","No consta","50"
2022,8,"Nou Barris",55,"Ciutat Meridiana","Dones","Sense estudis","147"
2022,8,"Nou Barris",55,"Ciutat Meridiana","Dones","Estudis primaris / certificat d'escolaritat / EGB","1561"
2022,8,"Nou Barris",55,"Ciutat Meridiana","Dones","Batxillerat elemental / graduat escolar / ESO / FPI","1490"
2022,8,"Nou Barris",55,"Ciutat Meridiana","Dones","Batxillerat superior / BUP / COU / FPII / CFGM grau mitjà","857"
2022,8,"Nou Barris",55,"Ciutat Meridiana","Dones","Estudis universitaris / CFGS grau superior","405"
2022,8,"Nou Barris",55,"Ciutat Meridiana","Dones","No consta","90"
2022,8,"Nou Barris",55,"Ciutat Meridiana","Homes","Sense estudis","72"
2022,8,"Nou Barris",55,"Ciutat Meridiana","Homes","Estudis primaris / certificat d'escolaritat / EGB","1381"
2022,8,"Nou Barris",55,"Ciutat Meridiana","Homes","Batxillerat elemental / graduat escolar / ESO / FPI","1633"
2022,8,"Nou Barris",55,"Ciutat Meridiana","Homes","Batxillerat superior / BUP / COU / FPII / CFGM grau mitjà","810"
2022,8,"Nou Barris",55,"Ciutat Meridiana","Homes","Estudis universitaris / CFGS grau superior","269"
2022,8,"Nou Barris",55,"Ciutat Meridiana","Homes","No consta","98"
2022,8,"Nou Barris",56,"Vallbona","Dones","Sense estudis","30"
2022,8,"Nou Barris",56,"Vallbona","Dones","Estudis primaris / certificat d'escolaritat / EGB","201"
2022,8,"Nou Barris",56,"Vallbona","Dones","Batxillerat elemental / graduat escolar / ESO / FPI","194"
2022,8,"Nou Barris",56,"Vallbona","Dones","Batxillerat superior / BUP / COU / FPII / CFGM grau mitjà","83"
2022,8,"Nou Barris",56,"Vallbona","Dones","Estudis universitaris / CFGS grau superior","72"
2022,8,"Nou Barris",56,"Vallbona","Dones","No consta","16"
2022,8,"Nou Barris",56,"Vallbona","Homes","Sense estudis","11"
2022,8,"Nou Barris",56,"Vallbona","Homes","Estudis primaris / certificat d'escolaritat / EGB","182"
2022,8,"Nou Barris",56,"Vallbona","Homes","Batxillerat elemental / graduat escolar / ESO / FPI","229"
2022,8,"Nou Barris",56,"Vallbona","Homes","Batxillerat superior / BUP / COU / FPII / CFGM grau mitjà","86"
2022,8,"Nou Barris",56,"Vallbona","Homes","Estudis universitaris / CFGS grau superior","44"
2022,8,"Nou Barris",56,"Vallbona","Homes","No consta","14"
2022,9,"Sant Andreu",57,"la Trinitat Vella","Dones","Sense estudis","128"
2022,9,"Sant Andreu",57,"la Trinitat Vella","Dones","Estudis primaris / certificat d'escolaritat / EGB","1272"
2022,9,"Sant Andreu",57,"la Trinitat Vella","Dones","Batxillerat elemental / graduat escolar / ESO / FPI","1297"
2022,9,"Sant Andreu",57,"la Trinitat Vella","Dones","Batxillerat superior / BUP / COU / FPII / CFGM grau mitjà","855"
2022,9,"Sant Andreu",57,"la Trinitat Vella","Dones","Estudis universitaris / CFGS grau superior","549"
2022,9,"Sant Andreu",57,"la Trinitat Vella","Dones","No consta","97"
2022,9,"Sant Andreu",57,"la Trinitat Vella","Homes","Sense estudis","69"
2022,9,"Sant Andreu",57,"la Trinitat Vella","Homes","Estudis primaris / certificat d'escolaritat / EGB","1328"
2022,9,"Sant Andreu",57,"la Trinitat Vella","Homes","Batxillerat elemental / graduat escolar / ESO / FPI","1550"
2022,9,"Sant Andreu",57,"la Trinitat Vella","Homes","Batxillerat superior / BUP / COU / FPII / CFGM grau mitjà","921"
2022,9,"Sant Andreu",57,"la Trinitat Vella","Homes","Estudis universitaris / CFGS grau superior","358"
2022,9,"Sant Andreu",57,"la Trinitat Vella","Homes","No consta","102"
2022,9,"Sant Andreu",58,"Baró de Viver","Dones","Sense estudis","45"
2022,9,"Sant Andreu",58,"Baró de Viver","Dones","Estudis primaris / certificat d'escolaritat / EGB","375"
2022,9,"Sant Andreu",58,"Baró de Viver","Dones","Batxillerat elemental / graduat escolar / ESO / FPI","385"
2022,9,"Sant Andreu",58,"Baró de Viver","Dones","Batxillerat superior / BUP / COU / FPII / CFGM grau mitjà","198"
2022,9,"Sant Andreu",58,"Baró de Viver","Dones","Estudis universitaris / CFGS grau superior","99"
2022,9,"Sant Andreu",58,"Baró de Viver","Dones","No consta","23"
2022,9,"Sant Andreu",58,"Baró de Viver","Homes","Sense estudis","16"
2022,9,"Sant Andreu",58,"Baró de Viver","Homes","Estudis primaris / certificat d'escolaritat / EGB","334"
2022,9,"Sant Andreu",58,"Baró de Viver","Homes","Batxillerat elemental / graduat escolar / ESO / FPI","419"
2022,9,"Sant Andreu",58,"Baró de Viver","Homes","Batxillerat superior / BUP / COU / FPII / CFGM grau mitjà","188"
2022,9,"Sant Andreu",58,"Baró de Viver","Homes","Estudis universitaris / CFGS grau superior","70"
2022,9,"Sant Andreu",58,"Baró de Viver","Homes","No consta","25"
2022,9,"Sant Andreu",59,"el Bon Pastor","Dones","Sense estudis","154"
2022,9,"Sant Andreu",59,"el Bon Pastor","Dones","Estudis primaris / certificat d'escolaritat / EGB","1467"
2022,9,"Sant Andreu",59,"el Bon Pastor","Dones","Batxillerat elemental / graduat escolar / ESO / FPI","1722"
2022,9,"Sant Andreu",59,"el Bon Pastor","Dones","Batxillerat superior / BUP / COU / FPII / CFGM grau mitjà","1275"
2022,9,"Sant Andreu",59,"el Bon Pastor","Dones","Estudis universitaris / CFGS grau superior","968"
2022,9,"Sant Andreu",59,"el Bon Pastor","Dones","No consta","119"
2022,9,"Sant Andreu",59,"el Bon Pastor","Homes","Sense estudis","63"
2022,9,"Sant Andreu",59,"el Bon Pastor","Homes","Estudis primaris / certificat d'escolaritat / EGB","1345"
2022,9,"Sant Andreu",59,"el Bon Pastor","Homes","Batxillerat elemental / graduat escolar / ESO / FPI","2036"
2022,9,"Sant Andreu",59,"el Bon Pastor","Homes","Batxillerat superior / BUP / COU / FPII / CFGM grau mitjà","1328"
2022,9,"Sant Andreu",59,"el Bon Pastor","Homes","Estudis universitaris / CFGS grau superior","691"
2022,9,"Sant Andreu",59,"el Bon Pastor","Homes","No consta","141"
2022,9,"Sant Andreu",60,"Sant Andreu","Dones","Sense estudis","563"
2022,9,"Sant Andreu",60,"Sant Andreu","Dones","Estudis primaris / certificat d'escolaritat / EGB","4644"
2022,9,"Sant Andreu",60,"Sant Andreu","Dones","Batxillerat elemental / graduat escolar / ESO / FPI","6284"
2022,9,"Sant Andreu",60,"Sant Andreu","Dones","Batxillerat superior / BUP / COU / FPII / CFGM grau mitjà","6657"
2022,9,"Sant Andreu",60,"Sant Andreu","Dones","Estudis universitaris / CFGS grau superior","7958"
2022,9,"Sant Andreu",60,"Sant Andreu","Dones","No consta","346"
2022,9,"Sant Andreu",60,"Sant Andreu","Homes","Sense estudis","209"
2022,9,"Sant Andreu",60,"Sant Andreu","Homes","Estudis primaris / certificat d'escolaritat / EGB","3418"
2022,9,"Sant Andreu",60,"Sant Andreu","Homes","Batxillerat elemental / graduat escolar / ESO / FPI","6054"
2022,9,"Sant Andreu",60,"Sant Andreu","Homes","Batxillerat superior / BUP / COU / FPII / CFGM grau mitjà","7317"
2022,9,"Sant Andreu",60,"Sant Andreu","Homes","Estudis universitaris / CFGS grau superior","5795"
2022,9,"Sant Andreu",60,"Sant Andreu","Homes","No consta","372"
2022,9,"Sant Andreu",61,"la Sagrera","Dones","Sense estudis","315"
2022,9,"Sant Andreu",61,"la Sagrera","Dones","Estudis primaris / certificat d'escolaritat / EGB","2498"
2022,9,"Sant Andreu",61,"la Sagrera","Dones","Batxillerat elemental / graduat escolar / ESO / FPI","3425"
2022,9,"Sant Andreu",61,"la Sagrera","Dones","Batxillerat superior / BUP / COU / FPII / CFGM grau mitjà","3501"
2022,9,"Sant Andreu",61,"la Sagrera","Dones","Estudis universitaris / CFGS grau superior","4002"
2022,9,"Sant Andreu",61,"la Sagrera","Dones","No consta","111"
2022,9,"Sant Andreu",61,"la Sagrera","Homes","Sense estudis","119"
2022,9,"Sant Andreu",61,"la Sagrera","Homes","Estudis primaris / certificat d'escolaritat / EGB","1758"
2022,9,"Sant Andreu",61,"la Sagrera","Homes","Batxillerat elemental / graduat escolar / ESO / FPI","3123"
2022,9,"Sant Andreu",61,"la Sagrera","Homes","Batxillerat superior / BUP / COU / FPII / CFGM grau mitjà","3741"
2022,9,"Sant Andreu",61,"la Sagrera","Homes","Estudis universitaris / CFGS grau superior","2982"
2022,9,"Sant Andreu",61,"la Sagrera","Homes","No consta","153"
2022,9,"Sant Andreu",62,"el Congrés i els Indians","Dones","Sense estudis","188"
2022,9,"Sant Andreu",62,"el Congrés i els Indians","Dones","Estudis primaris / certificat d'escolaritat / EGB","1069"
2022,9,"Sant Andreu",62,"el Congrés i els Indians","Dones","Batxillerat elemental / graduat escolar / ESO / FPI","1522"
2022,9,"Sant Andreu",62,"el Congrés i els Indians","Dones","Batxillerat superior / BUP / COU / FPII / CFGM grau mitjà","1731"
2022,9,"Sant Andreu",62,"el Congrés i els Indians","Dones","Estudis universitaris / CFGS grau superior","2111"
2022,9,"Sant Andreu",62,"el Congrés i els Indians","Dones","No consta","70"
2022,9,"Sant Andreu",62,"el Congrés i els Indians","Homes","Sense estudis","52"
2022,9,"Sant Andreu",62,"el Congrés i els Indians","Homes","Estudis primaris / certificat d'escolaritat / EGB","718"
2022,9,"Sant Andreu",62,"el Congrés i els Indians","Homes","Batxillerat elemental / graduat escolar / ESO / FPI","1545"
2022,9,"Sant Andreu",62,"el Congrés i els Indians","Homes","Batxillerat superior / BUP / COU / FPII / CFGM grau mitjà","1841"
2022,9,"Sant Andreu",62,"el Congrés i els Indians","Homes","Estudis universitaris / CFGS grau superior","1532"
2022,9,"Sant Andreu",62,"el Congrés i els Indians","Homes","No consta","81"
2022,9,"Sant Andreu",63,"Navas","Dones","Sense estudis","218"
2022,9,"Sant Andreu",63,"Navas","Dones","Estudis primaris / certificat d'escolaritat / EGB","1762"
2022,9,"Sant Andreu",63,"Navas","Dones","Batxillerat elemental / graduat escolar / ESO / FPI","2464"
2022,9,"Sant Andreu",63,"Navas","Dones","Batxillerat superior / BUP / COU / FPII / CFGM grau mitjà","2715"
2022,9,"Sant Andreu",63,"Navas","Dones","Estudis universitaris / CFGS grau superior","3173"
2022,9,"Sant Andreu",63,"Navas","Dones","No consta","98"
2022,9,"Sant Andreu",63,"Navas","Homes","Sense estudis","71"
2022,9,"Sant Andreu",63,"Navas","Homes","Estudis primaris / certificat d'escolaritat / EGB","1103"
2022,9,"Sant Andreu",63,"Navas","Homes","Batxillerat elemental / graduat escolar / ESO / FPI","2219"
2022,9,"Sant Andreu",63,"Navas","Homes","Batxillerat superior / BUP / COU / FPII / CFGM grau mitjà","2822"
2022,9,"Sant Andreu",63,"Navas","Homes","Estudis universitaris / CFGS grau superior","2539"
2022,9,"Sant Andreu",63,"Navas","Homes","No consta","131"
2022,10,"Sant Martí",64,"el Camp de l'Arpa del Clot","Dones","Sense estudis","366"
2022,10,"Sant Martí",64,"el Camp de l'Arpa del Clot","Dones","Estudis primaris / certificat d'escolaritat / EGB","2767"
2022,10,"Sant Martí",64,"el Camp de l'Arpa del Clot","Dones","Batxillerat elemental / graduat escolar / ESO / FPI","3924"
2022,10,"Sant Martí",64,"el Camp de l'Arpa del Clot","Dones","Batxillerat superior / BUP / COU / FPII / CFGM grau mitjà","4444"
2022,10,"Sant Martí",64,"el Camp de l'Arpa del Clot","Dones","Estudis universitaris / CFGS grau superior","6528"
2022,10,"Sant Martí",64,"el Camp de l'Arpa del Clot","Dones","No consta","169"
2022,10,"Sant Martí",64,"el Camp de l'Arpa del Clot","Homes","Sense estudis","113"
2022,10,"Sant Martí",64,"el Camp de l'Arpa del Clot","Homes","Estudis primaris / certificat d'escolaritat / EGB","1886"
2022,10,"Sant Martí",64,"el Camp de l'Arpa del Clot","Homes","Batxillerat elemental / graduat escolar / ESO / FPI","3598"
2022,10,"Sant Martí",64,"el Camp de l'Arpa del Clot","Homes","Batxillerat superior / BUP / COU / FPII / CFGM grau mitjà","4852"
2022,10,"Sant Martí",64,"el Camp de l'Arpa del Clot","Homes","Estudis universitaris / CFGS grau superior","5126"
2022,10,"Sant Martí",64,"el Camp de l'Arpa del Clot","Homes","No consta","162"
2022,10,"Sant Martí",65,"el Clot","Dones","Sense estudis","247"
2022,10,"Sant Martí",65,"el Clot","Dones","Estudis primaris / certificat d'escolaritat / EGB","2017"
2022,10,"Sant Martí",65,"el Clot","Dones","Batxillerat elemental / graduat escolar / ESO / FPI","2786"
2022,10,"Sant Martí",65,"el Clot","Dones","Batxillerat superior / BUP / COU / FPII / CFGM grau mitjà","3030"
2022,10,"Sant Martí",65,"el Clot","Dones","Estudis universitaris / CFGS grau superior","4051"
2022,10,"Sant Martí",65,"el Clot","Dones","No consta","146"
2022,10,"Sant Martí",65,"el Clot","Homes","Sense estudis","72"
2022,10,"Sant Martí",65,"el Clot","Homes","Estudis primaris / certificat d'escolaritat / EGB","1414"
2022,10,"Sant Martí",65,"el Clot","Homes","Batxillerat elemental / graduat escolar / ESO / FPI","2754"
2022,10,"Sant Martí",65,"el Clot","Homes","Batxillerat superior / BUP / COU / FPII / CFGM grau mitjà","3364"
2022,10,"Sant Martí",65,"el Clot","Homes","Estudis universitaris / CFGS grau superior","3199"
2022,10,"Sant Martí",65,"el Clot","Homes","No consta","146"
2022,10,"Sant Martí",66,"el Parc i la Llacuna del Poblenou","Dones","Sense estudis","151"
2022,10,"Sant Martí",66,"el Parc i la Llacuna del Poblenou","Dones","Estudis primaris / certificat d'escolaritat / EGB","1034"
2022,10,"Sant Martí",66,"el Parc i la Llacuna del Poblenou","Dones","Batxillerat elemental / graduat escolar / ESO / FPI","1355"
2022,10,"Sant Martí",66,"el Parc i la Llacuna del Poblenou","Dones","Batxillerat superior / BUP / COU / FPII / CFGM grau mitjà","1743"
2022,10,"Sant Martí",66,"el Parc i la Llacuna del Poblenou","Dones","Estudis universitaris / CFGS grau superior","2870"
2022,10,"Sant Martí",66,"el Parc i la Llacuna del Poblenou","Dones","No consta","83"
2022,10,"Sant Martí",66,"el Parc i la Llacuna del Poblenou","Homes","Sense estudis","43"
2022,10,"Sant Martí",66,"el Parc i la Llacuna del Poblenou","Homes","Estudis primaris / certificat d'escolaritat / EGB","751"
2022,10,"Sant Martí",66,"el Parc i la Llacuna del Poblenou","Homes","Batxillerat elemental / graduat escolar / ESO / FPI","1388"
2022,10,"Sant Martí",66,"el Parc i la Llacuna del Poblenou","Homes","Batxillerat superior / BUP / COU / FPII / CFGM grau mitjà","1795"
2022,10,"Sant Martí",66,"el Parc i la Llacuna del Poblenou","Homes","Estudis universitaris / CFGS grau superior","2574"
2022,10,"Sant Martí",66,"el Parc i la Llacuna del Poblenou","Homes","No consta","96"
2022,10,"Sant Martí",67,"la Vila Olímpica del Poblenou","Dones","Sense estudis","26"
2022,10,"Sant Martí",67,"la Vila Olímpica del Poblenou","Dones","Estudis primaris / certificat d'escolaritat / EGB","240"
2022,10,"Sant Martí",67,"la Vila Olímpica del Poblenou","Dones","Batxillerat elemental / graduat escolar / ESO / FPI","509"
2022,10,"Sant Martí",67,"la Vila Olímpica del Poblenou","Dones","Batxillerat superior / BUP / COU / FPII / CFGM grau mitjà","937"
2022,10,"Sant Martí",67,"la Vila Olímpica del Poblenou","Dones","Estudis universitaris / CFGS grau superior","2325"
2022,10,"Sant Martí",67,"la Vila Olímpica del Poblenou","Dones","No consta","85"
2022,10,"Sant Martí",67,"la Vila Olímpica del Poblenou","Homes","Sense estudis","8"
2022,10,"Sant Martí",67,"la Vila Olímpica del Poblenou","Homes","Estudis primaris / certificat d'escolaritat / EGB","214"
2022,10,"Sant Martí",67,"la Vila Olímpica del Poblenou","Homes","Batxillerat elemental / graduat escolar / ESO / FPI","482"
2022,10,"Sant Martí",67,"la Vila Olímpica del Poblenou","Homes","Batxillerat superior / BUP / COU / FPII / CFGM grau mitjà","1006"
2022,10,"Sant Martí",67,"la Vila Olímpica del Poblenou","Homes","Estudis universitaris / CFGS grau superior","2158"
2022,10,"Sant Martí",67,"la Vila Olímpica del Poblenou","Homes","No consta","93"
2022,10,"Sant Martí",68,"el Poblenou","Dones","Sense estudis","280"
2022,10,"Sant Martí",68,"el Poblenou","Dones","Estudis primaris / certificat d'escolaritat / EGB","2087"
2022,10,"Sant Martí",68,"el Poblenou","Dones","Batxillerat elemental / graduat escolar / ESO / FPI","2798"
2022,10,"Sant Martí",68,"el Poblenou","Dones","Batxillerat superior / BUP / COU / FPII / CFGM grau mitjà","3554"
2022,10,"Sant Martí",68,"el Poblenou","Dones","Estudis universitaris / CFGS grau superior","6038"
2022,10,"Sant Martí",68,"el Poblenou","Dones","No consta","248"
2022,10,"Sant Martí",68,"el Poblenou","Homes","Sense estudis","95"
2022,10,"Sant Martí",68,"el Poblenou","Homes","Estudis primaris / certificat d'escolaritat / EGB","1557"
2022,10,"Sant Martí",68,"el Poblenou","Homes","Batxillerat elemental / graduat escolar / ESO / FPI","3018"
2022,10,"Sant Martí",68,"el Poblenou","Homes","Batxillerat superior / BUP / COU / FPII / CFGM grau mitjà","3798"
2022,10,"Sant Martí",68,"el Poblenou","Homes","Estudis universitaris / CFGS grau superior","5166"
2022,10,"Sant Martí",68,"el Poblenou","Homes","No consta","275"
2022,10,"Sant Martí",69,"Diagonal Mar i el Front Marítim del Poblenou","Dones","Sense estudis","102"
2022,10,"Sant Martí",69,"Diagonal Mar i el Front Marítim del Poblenou","Dones","Estudis primaris / certificat d'escolaritat / EGB","727"
2022,10,"Sant Martí",69,"Diagonal Mar i el Front Marítim del Poblenou","Dones","Batxillerat elemental / graduat escolar / ESO / FPI","977"
2022,10,"Sant Martí",69,"Diagonal Mar i el Front Marítim del Poblenou","Dones","Batxillerat superior / BUP / COU / FPII / CFGM grau mitjà","1281"
2022,10,"Sant Martí",69,"Diagonal Mar i el Front Marítim del Poblenou","Dones","Estudis universitaris / CFGS grau superior","2535"
2022,10,"Sant Martí",69,"Diagonal Mar i el Front Marítim del Poblenou","Dones","No consta","96"
2022,10,"Sant Martí",69,"Diagonal Mar i el Front Marítim del Poblenou","Homes","Sense estudis","52"
2022,10,"Sant Martí",69,"Diagonal Mar i el Front Marítim del Poblenou","Homes","Estudis primaris / certificat d'escolaritat / EGB","527"
2022,10,"Sant Martí",69,"Diagonal Mar i el Front Marítim del Poblenou","Homes","Batxillerat elemental / graduat escolar / ESO / FPI","1063"
2022,10,"Sant Martí",69,"Diagonal Mar i el Front Marítim del Poblenou","Homes","Batxillerat superior / BUP / COU / FPII / CFGM grau mitjà","1383"
2022,10,"Sant Martí",69,"Diagonal Mar i el Front Marítim del Poblenou","Homes","Estudis universitaris / CFGS grau superior","2152"
2022,10,"Sant Martí",69,"Diagonal Mar i el Front Marítim del Poblenou","Homes","No consta","101"
2022,10,"Sant Martí",70,"el Besòs i el Maresme","Dones","Sense estudis","443"
2022,10,"Sant Martí",70,"el Besòs i el Maresme","Dones","Estudis primaris / certificat d'escolaritat / EGB","2822"
2022,10,"Sant Martí",70,"el Besòs i el Maresme","Dones","Batxillerat elemental / graduat escolar / ESO / FPI","3235"
2022,10,"Sant Martí",70,"el Besòs i el Maresme","Dones","Batxillerat superior / BUP / COU / FPII / CFGM grau mitjà","2252"
2022,10,"Sant Martí",70,"el Besòs i el Maresme","Dones","Estudis universitaris / CFGS grau superior","1691"
2022,10,"Sant Martí",70,"el Besòs i el Maresme","Dones","No consta","164"
2022,10,"Sant Martí",70,"el Besòs i el Maresme","Homes","Sense estudis","217"
2022,10,"Sant Martí",70,"el Besòs i el Maresme","Homes","Estudis primaris / certificat d'escolaritat / EGB","3607"
2022,10,"Sant Martí",70,"el Besòs i el Maresme","Homes","Batxillerat elemental / graduat escolar / ESO / FPI","4054"
2022,10,"Sant Martí",70,"el Besòs i el Maresme","Homes","Batxillerat superior / BUP / COU / FPII / CFGM grau mitjà","2396"
2022,10,"Sant Martí",70,"el Besòs i el Maresme","Homes","Estudis universitaris / CFGS grau superior","1329"
2022,10,"Sant Martí",70,"el Besòs i el Maresme","Homes","No consta","205"
2022,10,"Sant Martí",71,"Provençals del Poblenou","Dones","Sense estudis","248"
2022,10,"Sant Martí",71,"Provençals del Poblenou","Dones","Estudis primaris / certificat d'escolaritat / EGB","1713"
2022,10,"Sant Martí",71,"Provençals del Poblenou","Dones","Batxillerat elemental / graduat escolar / ESO / FPI","2300"
2022,10,"Sant Martí",71,"Provençals del Poblenou","Dones","Batxillerat superior / BUP / COU / FPII / CFGM grau mitjà","2216"
2022,10,"Sant Martí",71,"Provençals del Poblenou","Dones","Estudis universitaris / CFGS grau superior","2885"
2022,10,"Sant Martí",71,"Provençals del Poblenou","Dones","No consta","120"
2022,10,"Sant Martí",71,"Provençals del Poblenou","Homes","Sense estudis","80"
2022,10,"Sant Martí",71,"Provençals del Poblenou","Homes","Estudis primaris / certificat d'escolaritat / EGB","1308"
2022,10,"Sant Martí",71,"Provençals del Poblenou","Homes","Batxillerat elemental / graduat escolar / ESO / FPI","2412"
2022,10,"Sant Martí",71,"Provençals del Poblenou","Homes","Batxillerat superior / BUP / COU / FPII / CFGM grau mitjà","2352"
2022,10,"Sant Martí",71,"Provençals del Poblenou","Homes","Estudis universitaris / CFGS grau superior","2273"
2022,10,"Sant Martí",71,"Provençals del Poblenou","Homes","No consta","123"
2022,10,"Sant Martí",72,"Sant Martí de Provençals","Dones","Sense estudis","376"
2022,10,"Sant Martí",72,"Sant Martí de Provençals","Dones","Estudis primaris / certificat d'escolaritat / EGB","2691"
2022,10,"Sant Martí",72,"Sant Martí de Provençals","Dones","Batxillerat elemental / graduat escolar / ESO / FPI","3158"
2022,10,"Sant Martí",72,"Sant Martí de Provençals","Dones","Batxillerat superior / BUP / COU / FPII / CFGM grau mitjà","2907"
2022,10,"Sant Martí",72,"Sant Martí de Provençals","Dones","Estudis universitaris / CFGS grau superior","2920"
2022,10,"Sant Martí",72,"Sant Martí de Provençals","Dones","No consta","134"
2022,10,"Sant Martí",72,"Sant Martí de Provençals","Homes","Sense estudis","139"
2022,10,"Sant Martí",72,"Sant Martí de Provençals","Homes","Estudis primaris / certificat d'escolaritat / EGB","1875"
2022,10,"Sant Martí",72,"Sant Martí de Provençals","Homes","Batxillerat elemental / graduat escolar / ESO / FPI","3181"
2022,10,"Sant Martí",72,"Sant Martí de Provençals","Homes","Batxillerat superior / BUP / COU / FPII / CFGM grau mitjà","3039"
2022,10,"Sant Martí",72,"Sant Martí de Provençals","Homes","Estudis universitaris / CFGS grau superior","2099"
2022,10,"Sant Martí",72,"Sant Martí de Provençals","Homes","No consta","190"
2022,10,"Sant Martí",73,"la Verneda i la Pau","Dones","Sense estudis","535"
2022,10,"Sant Martí",73,"la Verneda i la Pau","Dones","Estudis primaris / certificat d'escolaritat / EGB","3418"
2022,10,"Sant Martí",73,"la Verneda i la Pau","Dones","Batxillerat elemental / graduat escolar / ESO / FPI","3863"
2022,10,"Sant Martí",73,"la Verneda i la Pau","Dones","Batxillerat superior / BUP / COU / FPII / CFGM grau mitjà","3004"
2022,10,"Sant Martí",73,"la Verneda i la Pau","Dones","Estudis universitaris / CFGS grau superior","2393"
2022,10,"Sant Martí",73,"la Verneda i la Pau","Dones","No consta","178"
2022,10,"Sant Martí",73,"la Verneda i la Pau","Homes","Sense estudis","236"
2022,10,"Sant Martí",73,"la Verneda i la Pau","Homes","Estudis primaris / certificat d'escolaritat / EGB","2630"
2022,10,"Sant Martí",73,"la Verneda i la Pau","Homes","Batxillerat elemental / graduat escolar / ESO / FPI","3909"
2022,10,"Sant Martí",73,"la Verneda i la Pau","Homes","Batxillerat superior / BUP / COU / FPII / CFGM grau mitjà","3164"
2022,10,"Sant Martí",73,"la Verneda i la Pau","Homes","Estudis universitaris / CFGS grau superior","1691"
2022,10,"Sant Martí",73,"la Verneda i la Pau","Homes","No consta","205"
