Any,Equipament,Seu,TitolExposicio,Visites,DataInici,DataFi,TipusProduccio,Notes_Equipament,Codi_Districte,Nom_Districte,Codi_Barri,Nom_Barri,Titularitat,Entitat,TipusGeneral,TipusEquipament,Ambit,Latitud,Longitud,Web
2021,"Arxiu Fotogràfic de Barcelona","Arxiu Fotogràfic de Barcelona","Un viatge fotogràfic. La construcció del Poble Espanyol",3080,10/11/2020,25/04/2021,Pròpia,,01,"Ciutat Vella",04,"Sant Pere, Santa Caterina i la Ribera",Municipal,"Institut de Cultura. Ajuntament de Barcelona",Arxius,"Centres d'exposicions","Història i memòria",41.386872640,2.181806284,http://barcelona.cat/arxiufotografic
2021,"Arxiu Fotogràfic de Barcelona","Arxiu Fotogràfic de Barcelona","Margaret Michaelis. Cinc dies pel barri Xino",8609,14/05/2021,31/10/2021,Pròpia,,01,"Ciutat Vella",04,"Sant Pere, Santa Caterina i la Ribera",Municipal,"Institut de Cultura. Ajuntament de Barcelona",Arxius,"Centres d'exposicions","Història i memòria",41.386872640,2.181806284,http://barcelona.cat/arxiufotografic
2021,"Arxiu Fotogràfic de Barcelona","Arxiu Fotogràfic de Barcelona","Esteve Lucerón. La Perona. L'espai i la gent",2333,25/11/2021,22/05/2022,Pròpia,,01,"Ciutat Vella",04,"Sant Pere, Santa Caterina i la Ribera",Municipal,"Institut de Cultura. Ajuntament de Barcelona",Arxius,"Centres d'exposicions","Història i memòria",41.386872640,2.181806284,http://barcelona.cat/arxiufotografic
2021,CaixaForum,CaixaForum,"PRADO: ARTE Y MITO",239412,15/10/2020,28/02/2021,Pròpia,,03,Sants-Montjuïc,14,"la Font de la Guatlla",Privada,"Fundació ""la Caixa""","Centres d'exposicions","Centres d'exposicions","Arts visuals",41.371294526,2.149575441,http://caixaforum.es/ca/barcelona
2021,CaixaForum,CaixaForum,"VAMPIRS. L'EVOLUCIÓ DEL MITE",192208,29/10/2020,31/01/2021,Pròpia,,03,Sants-Montjuïc,14,"la Font de la Guatlla",Privada,"Fundació ""la Caixa""","Centres d'exposicions","Centres d'exposicions","Arts visuals",41.371294526,2.149575441,http://caixaforum.es/ca/barcelona
2021,CaixaForum,CaixaForum,"SO LAZY. ELOGI DEL MALBARATAMENT",117068,26/11/2020,18/04/2021,Pròpia,,03,Sants-Montjuïc,14,"la Font de la Guatlla",Privada,"Fundació ""la Caixa""","Centres d'exposicions","Centres d'exposicions","Arts visuals",41.371294526,2.149575441,http://caixaforum.es/ca/barcelona
2021,CaixaForum,CaixaForum,"El sueño americano. British Museum",195296,03/03/2021,13/06/2021,Pròpia,,03,Sants-Montjuïc,14,"la Font de la Guatlla",Privada,"Fundació ""la Caixa""","Centres d'exposicions","Centres d'exposicions","Arts visuals",41.371294526,2.149575441,http://caixaforum.es/ca/barcelona
2021,CaixaForum,CaixaForum,"Ywy Visiones. Pedro Neves Marques",119536,13/05/2021,26/09/2021,Pròpia,,03,Sants-Montjuïc,14,"la Font de la Guatlla",Privada,"Fundació ""la Caixa""","Centres d'exposicions","Centres d'exposicions","Arts visuals",41.371294526,2.149575441,http://caixaforum.es/ca/barcelona
2021,CaixaForum,CaixaForum,"TeamLab. Arte, tecnología y naturaleza",684264,17/05/2021,09/01/2022,Pròpia,,03,Sants-Montjuïc,14,"la Font de la Guatlla",Privada,"Fundació ""la Caixa""","Centres d'exposicions","Centres d'exposicions","Arts visuals",41.371294526,2.149575441,http://caixaforum.es/ca/barcelona
2021,CaixaForum,CaixaForum,"El universo de Jean Prouvé. Centre G. Pompidou",189376,15/07/2021,01/11/2021,Pròpia,,03,Sants-Montjuïc,14,"la Font de la Guatlla",Privada,"Fundació ""la Caixa""","Centres d'exposicions","Centres d'exposicions","Arts visuals",41.371294526,2.149575441,http://caixaforum.es/ca/barcelona
2021,"Can Framis. Fundació Vila Casas","Can Framis. Fundació Vila Casas","Càpsules de confinament. Art i pandèmia a Catalunya",,05/10/2020,17/01/2021,Pròpia,,10,"Sant Martí",66,"el Parc i la Llacuna del Poblenou",Privada,"Fundació Vila Casas","Museus i col·leccions","Centres patrimonials","Arts visuals",41.402912812,2.194947848,http://www.fundaciovilacasas.com
2021,"Can Framis. Fundació Vila Casas","Can Framis. Fundació Vila Casas","Yago Hortal, ""Allò era abans, això és ara"" ",11028,02/02/2021,30/05/2021,Pròpia,,10,"Sant Martí",66,"el Parc i la Llacuna del Poblenou",Privada,"Fundació Vila Casas","Museus i col·leccions","Centres patrimonials","Arts visuals",41.402912812,2.194947848,http://www.fundaciovilacasas.com
2021,"Can Framis. Fundació Vila Casas","Can Framis. Fundació Vila Casas","Sophie Kohler, ""8 hores amb tàpies"" ",1484,15/06/2021,19/09/2021,Pròpia,,10,"Sant Martí",66,"el Parc i la Llacuna del Poblenou",Privada,"Fundació Vila Casas","Museus i col·leccions","Centres patrimonials","Arts visuals",41.402912812,2.194947848,http://www.fundaciovilacasas.com
2021,"Can Framis. Fundació Vila Casas","Can Framis. Fundació Vila Casas","Joan Fontcuberta, ""Monstres""",6157,05/10/2021,23/01/2022,Pròpia,,10,"Sant Martí",66,"el Parc i la Llacuna del Poblenou",Privada,"Fundació Vila Casas","Museus i col·leccions","Centres patrimonials","Arts visuals",41.402912812,2.194947848,http://www.fundaciovilacasas.com
2021,"Casa Vicens","Casa Vicens","Olor de Tardor",4735,23/09/2020,18/04/2021,Altres,,06,Gràcia,31,"la Vila de Gràcia",Privada,.,"Espais d'interès patrimonial","Centres patrimonials","Història i memòria",41.4036093,2.1512308,https://casavicens.org/
2021,"Casa Vicens","Casa Vicens","Incert equilibri",42451,30/04/2021,31/10/2021,Coproducció,,06,Gràcia,31,"la Vila de Gràcia",Privada,.,"Espais d'interès patrimonial","Centres patrimonials","Història i memòria",41.4036093,2.1512308,https://casavicens.org/
2021,"Casa Vicens","Casa Vicens","L'olfacte com a instrument d'inspiració",7668,05/11/2021,08/12/2021,Coproducció,,06,Gràcia,31,"la Vila de Gràcia",Privada,.,"Espais d'interès patrimonial","Centres patrimonials","Història i memòria",41.4036093,2.1512308,https://casavicens.org/
2021,"Casa Vicens","Casa Vicens","Mil imatges olfactives",8183,05/11/2021,12/12/2021,Externa,,06,Gràcia,31,"la Vila de Gràcia",Privada,.,"Espais d'interès patrimonial","Centres patrimonials","Història i memòria",41.4036093,2.1512308,https://casavicens.org/
2021,"Castell de Montjuïc","Castell de Montjuïc","Postals Sonores de Barcelona",17275,06/07/2020,16/05/2021,Pròpia,,03,Sants-Montjuïc,11,"el Poble Sec",Municipal,"Institut de Cultura. Ajuntament de Barcelona","Museus i col·leccions","Centres patrimonials","Història i memòria",41.3675648,2.1685315,https://ajuntament.barcelona.cat/castelldemontjuic
2021,"Castell de Montjuïc","Castell de Montjuïc","La línia de costa de Barcelona",31892,17/12/2020,20/06/2021,Pròpia,,03,Sants-Montjuïc,11,"el Poble Sec",Municipal,"Institut de Cultura. Ajuntament de Barcelona","Museus i col·leccions","Centres patrimonials","Història i memòria",41.3675648,2.1685315,https://ajuntament.barcelona.cat/castelldemontjuic
2021,"Castell de Montjuïc","Castell de Montjuïc","BCN 1965 -1975 Una mirada des de la intel·ligència artificial",81431,28/05/2021,18/04/2022,Externa,,03,Sants-Montjuïc,11,"el Poble Sec",Municipal,"Institut de Cultura. Ajuntament de Barcelona","Museus i col·leccions","Centres patrimonials","Història i memòria",41.3675648,2.1685315,https://ajuntament.barcelona.cat/castelldemontjuic
2021,"Castell de Montjuïc","Castell de Montjuïc","Sota la llum del mar",39086,01/07/2021,12/09/2021,Externa,,03,Sants-Montjuïc,11,"el Poble Sec",Municipal,"Institut de Cultura. Ajuntament de Barcelona","Museus i col·leccions","Centres patrimonials","Història i memòria",41.3675648,2.1685315,https://ajuntament.barcelona.cat/castelldemontjuic
2021,"Castell de Montjuïc","Castell de Montjuïc","Montjuïc. El Parc d'atraccions",53143,23/09/2021,10/07/2022,Externa,,03,Sants-Montjuïc,11,"el Poble Sec",Municipal,"Institut de Cultura. Ajuntament de Barcelona","Museus i col·leccions","Centres patrimonials","Història i memòria",41.3675648,2.1685315,https://ajuntament.barcelona.cat/castelldemontjuic
2021,"Centre de Cultura Contemporània de Barcelona. CCCB","Centre de Cultura Contemporània de Barcelona. CCCB","Ciència Fricció",43804,12/06/2020,28/11/2021,Pròpia,,01,"Ciutat Vella",01,"el Raval","Consorci o fundació amb presència municipal",CCCB,"Centres d'exposicions","Centres d'exposicions","Arts visuals",41.383883057,2.166795152,http://www.cccb.org
2021,"Centre de Cultura Contemporània de Barcelona. CCCB","Centre de Cultura Contemporània de Barcelona. CCCB","Expo Kentridge",14676,09/10/2020,21/02/2021,Pròpia,,01,"Ciutat Vella",01,"el Raval","Consorci o fundació amb presència municipal",CCCB,"Centres d'exposicions","Centres d'exposicions","Arts visuals",41.383883057,2.166795152,http://www.cccb.org
2021,"Centre de Cultura Contemporània de Barcelona. CCCB","Centre de Cultura Contemporània de Barcelona. CCCB","World Press Whoto",51636,11/11/2020,12/12/2021,Pròpia,,01,"Ciutat Vella",01,"el Raval","Consorci o fundació amb presència municipal",CCCB,"Centres d'exposicions","Centres d'exposicions","Arts visuals",41.383883057,2.166795152,http://www.cccb.org
2021,"Centre de Cultura Contemporània de Barcelona. CCCB","Centre de Cultura Contemporània de Barcelona. CCCB","Mart. El Mirarll vermell",57916,24/02/2021,11/07/2021,Pròpia,,01,"Ciutat Vella",01,"el Raval","Consorci o fundació amb presència municipal",CCCB,"Centres d'exposicions","Centres d'exposicions","Arts visuals",41.383883057,2.166795152,http://www.cccb.org
2021,"Centre de Cultura Contemporània de Barcelona. CCCB","Centre de Cultura Contemporània de Barcelona. CCCB","Urban Nature",13105,25/06/2021,19/09/2021,Pròpia,,01,"Ciutat Vella",01,"el Raval","Consorci o fundació amb presència municipal",CCCB,"Centres d'exposicions","Centres d'exposicions","Arts visuals",41.383883057,2.166795152,http://www.cccb.org
2021,"Centre de Cultura Contemporània de Barcelona. CCCB","Centre de Cultura Contemporània de Barcelona. CCCB","La màscara no menteix mai",4665,15/12/2021,01/05/2022,Pròpia,,01,"Ciutat Vella",01,"el Raval","Consorci o fundació amb presència municipal",CCCB,"Centres d'exposicions","Centres d'exposicions","Arts visuals",41.383883057,2.166795152,http://www.cccb.org
2021,CosmoCaixa,CosmoCaixa,"Print3D. Reimprimir la realitat",167980,29/09/2020,19/09/2021,Pròpia,,05,"Sarrià-Sant Gervasi",25,"Sant Gervasi - la Bonanova",Privada,"Fundació ""la Caixa""","Museus i col·leccions","Centres patrimonials",Ciència,41.413267367,2.130658424,https://cosmocaixa.org/es/
2021,CosmoCaixa,CosmoCaixa,"Nikola Tesla. El geni de l'electricitat moderna",83785,28/10/2021,31/12/2021,Pròpia,,05,"Sarrià-Sant Gervasi",25,"Sant Gervasi - la Bonanova",Privada,"Fundació ""la Caixa""","Museus i col·leccions","Centres patrimonials",Ciència,41.413267367,2.130658424,https://cosmocaixa.org/es/
2021,"Disseny Hub Barcelona. DHUB","Disseny Hub Barcelona. DHUB","BANKSY. The Art of Protest",25853,12/11/2021,13/03/2022,Altres,,10,"Sant Martí",66,"el Parc i la Llacuna del Poblenou",Municipal,"Ajuntament de Barcelona","Centres d'exposicions","Centres d'exposicions","Multidisciplinaris i altres",41.402807184501505,2.187759434220152,https://ajuntament.barcelona.cat/dissenyhub
2021,"El Born Centre de Cultura i Memòria","El Born Centre de Cultura i Memòria","Perich 1941-1995. Humor amb ulls de gat",488,05/03/2020,10/01/2021,Pròpia,,01,"Ciutat Vella",04,"Sant Pere, Santa Caterina i la Ribera",Municipal,"Institut de Cultura. Ajuntament de Barcelona","Museus i col·leccions","Centres patrimonials","Història i memòria",41.385641483,2.183568044,http://elbornculturaimemoria.barcelona.cat
2021,"El Born Centre de Cultura i Memòria","El Born Centre de Cultura i Memòria","Per una educacio en llibertat",19686,08/04/2021,27/03/2022,Pròpia,,01,"Ciutat Vella",04,"Sant Pere, Santa Caterina i la Ribera",Municipal,"Institut de Cultura. Ajuntament de Barcelona","Museus i col·leccions","Centres patrimonials","Història i memòria",41.385641483,2.183568044,http://elbornculturaimemoria.barcelona.cat
2021,"El Born Centre de Cultura i Memòria","El Born Centre de Cultura i Memòria","El Centenari de Fellini al Món",20150,01/10/2021,09/01/2022,Externa,,01,"Ciutat Vella",04,"Sant Pere, Santa Caterina i la Ribera",Municipal,"Institut de Cultura. Ajuntament de Barcelona","Museus i col·leccions","Centres patrimonials","Història i memòria",41.385641483,2.183568044,http://elbornculturaimemoria.barcelona.cat
2021,"Espais VolART i VolART2. Fundació Vila Casas","Espais VolART i VolART2. Fundació Vila Casas","Vicenç Viaplana",4148,21/01/2021,09/05/2021,Pròpia,,02,Eixample,07,"la Dreta de l'Eixample",Privada,"Fundació Vila Casas","Centres d'exposicions","Centres d'exposicions","Arts visuals",41.390963134,2.175293998,"http://www.fundaciovilacasas.com https://www.museoartecontemporaneo.es/	"
2021,"Espais VolART i VolART2. Fundació Vila Casas","Espais VolART i VolART2. Fundació Vila Casas","A.Llena / Escola d'Olot",4035,21/05/2021,30/09/2021,Pròpia,,02,Eixample,07,"la Dreta de l'Eixample",Privada,"Fundació Vila Casas","Centres d'exposicions","Centres d'exposicions","Arts visuals",41.390963134,2.175293998,"http://www.fundaciovilacasas.com https://www.museoartecontemporaneo.es/	"
2021,"Espais VolART i VolART2. Fundació Vila Casas","Espais VolART i VolART2. Fundació Vila Casas","Daniel Enkaoua / Cigarrilos París",4585,14/10/2021,31/12/2021,Pròpia,,02,Eixample,07,"la Dreta de l'Eixample",Privada,"Fundació Vila Casas","Centres d'exposicions","Centres d'exposicions","Arts visuals",41.390963134,2.175293998,"http://www.fundaciovilacasas.com https://www.museoartecontemporaneo.es/	"
2021,"Fabra i Coats - Centre d'Art Contemporani","Fabra i Coats - Centre d'Art Contemporani","Coses que les coses diuen",379,17/10/2020,17/01/2021,Pròpia,,09,"Sant Andreu",60,"Sant Andreu",Municipal,"Institut de Cultura. Ajuntament de Barcelona","Centres d'exposicions","Centres d'exposicions","Arts visuals",41.433762956,2.190815632,http://centredart.bcn.cat
2021,"Fabra i Coats - Centre d'Art Contemporani","Fabra i Coats - Centre d'Art Contemporani","to llengua boca",291,17/10/2020,17/01/2021,Coproducció,,09,"Sant Andreu",60,"Sant Andreu",Municipal,"Institut de Cultura. Ajuntament de Barcelona","Centres d'exposicions","Centres d'exposicions","Arts visuals",41.433762956,2.190815632,http://centredart.bcn.cat
2021,"Fabra i Coats - Centre d'Art Contemporani","Fabra i Coats - Centre d'Art Contemporani","La isla bonita SAC 2020",245,18/12/2020,17/01/2021,Pròpia,,09,"Sant Andreu",60,"Sant Andreu",Municipal,"Institut de Cultura. Ajuntament de Barcelona","Centres d'exposicions","Centres d'exposicions","Arts visuals",41.433762956,2.190815632,http://centredart.bcn.cat
2021,"Fabra i Coats - Centre d'Art Contemporani","Fabra i Coats - Centre d'Art Contemporani","The Late Estate Broomberg&Chanarin",2144,20/02/2021,23/05/2021,Pròpia,,09,"Sant Andreu",60,"Sant Andreu",Municipal,"Institut de Cultura. Ajuntament de Barcelona","Centres d'exposicions","Centres d'exposicions","Arts visuals",41.433762956,2.190815632,http://centredart.bcn.cat
2021,"Fabra i Coats - Centre d'Art Contemporani","Fabra i Coats - Centre d'Art Contemporani","Una exposició de debò. Martí Anson",2603,20/02/2021,23/05/2021,Pròpia,,09,"Sant Andreu",60,"Sant Andreu",Municipal,"Institut de Cultura. Ajuntament de Barcelona","Centres d'exposicions","Centres d'exposicions","Arts visuals",41.433762956,2.190815632,http://centredart.bcn.cat
2021,"Fabra i Coats - Centre d'Art Contemporani","Fabra i Coats - Centre d'Art Contemporani","La transformació sensible",1916,19/06/2021,09/01/2022,Pròpia,,09,"Sant Andreu",60,"Sant Andreu",Municipal,"Institut de Cultura. Ajuntament de Barcelona","Centres d'exposicions","Centres d'exposicions","Arts visuals",41.433762956,2.190815632,http://centredart.bcn.cat
2021,"Fabra i Coats - Centre d'Art Contemporani","Fabra i Coats - Centre d'Art Contemporani","Tot ordre es vol pur. Núria Güell",2359,19/06/2021,09/01/2022,Pròpia,,09,"Sant Andreu",60,"Sant Andreu",Municipal,"Institut de Cultura. Ajuntament de Barcelona","Centres d'exposicions","Centres d'exposicions","Arts visuals",41.433762956,2.190815632,http://centredart.bcn.cat
2021,"Fabra i Coats - Centre d'Art Contemporani","Fabra i Coats - Centre d'Art Contemporani","Guanyar-se el pa SAC",281,20/10/2021,07/11/2021,Pròpia,,09,"Sant Andreu",60,"Sant Andreu",Municipal,"Institut de Cultura. Ajuntament de Barcelona","Centres d'exposicions","Centres d'exposicions","Arts visuals",41.433762956,2.190815632,http://centredart.bcn.cat
2021,"Fundació Antoni Tàpies","Fundació Antoni Tàpies","Aziz Hazara",18752,03/10/2020,06/06/2021,Coproducció,,02,Eixample,07,"la Dreta de l'Eixample","Consorci o fundació amb presència municipal","Fundació Antoni Tàpies","Museus i col·leccions","Centres patrimonials","Arts visuals",41.391522171,2.163757744,http://www.fundaciotapies.org
2021,"Fundació Antoni Tàpies","Fundació Antoni Tàpies","Tàpies als 30",18752,03/10/2020,06/06/2021,Pròpia,,02,Eixample,07,"la Dreta de l'Eixample","Consorci o fundació amb presència municipal","Fundació Antoni Tàpies","Museus i col·leccions","Centres patrimonials","Arts visuals",41.391522171,2.163757744,http://www.fundaciotapies.org
2021,"Fundació Antoni Tàpies","Fundació Antoni Tàpies","John Adonfrah. Vertigo Sea",16628,05/02/2021,06/06/2021,Coproducció,,02,Eixample,07,"la Dreta de l'Eixample","Consorci o fundació amb presència municipal","Fundació Antoni Tàpies","Museus i col·leccions","Centres patrimonials","Arts visuals",41.391522171,2.163757744,http://www.fundaciotapies.org
2021,"Fundació Antoni Tàpies","Fundació Antoni Tàpies","Shuruq Harb.The Jump",16628,05/02/2021,06/06/2021,Coproducció,,02,Eixample,07,"la Dreta de l'Eixample","Consorci o fundació amb presència municipal","Fundació Antoni Tàpies","Museus i col·leccions","Centres patrimonials","Arts visuals",41.391522171,2.163757744,http://www.fundaciotapies.org
2021,"Fundació Antoni Tàpies","Fundació Antoni Tàpies","Saâdana Afif. Els arxius de la Font i més enllà",20468,18/06/2021,22/02/2022,Pròpia,,02,Eixample,07,"la Dreta de l'Eixample","Consorci o fundació amb presència municipal","Fundació Antoni Tàpies","Museus i col·leccions","Centres patrimonials","Arts visuals",41.391522171,2.163757744,http://www.fundaciotapies.org
2021,"Fundació Antoni Tàpies","Fundació Antoni Tàpies","Tàpies. La realitat en primer pla",20468,18/06/2021,22/02/2022,Pròpia,,02,Eixample,07,"la Dreta de l'Eixample","Consorci o fundació amb presència municipal","Fundació Antoni Tàpies","Museus i col·leccions","Centres patrimonials","Arts visuals",41.391522171,2.163757744,http://www.fundaciotapies.org
2021,"Fundació Foto Colectania","Fundació Foto Colectania","Basat en històries reals",3615,01/01/2021,28/02/2021,Pròpia,,01,"Ciutat Vella",04,"Sant Pere, Santa Caterina i la Ribera",Privada,"Fundació Foto Colectània","Museus i col·leccions","Centres patrimonials","Arts visuals",41.3876349,2.1827391,https://fotocolectania.org/
2021,"Fundació Foto Colectania","Fundació Foto Colectania","Mary Ellen Mark. Vides de dones",16644,18/03/2021,31/07/2021,Pròpia,,01,"Ciutat Vella",04,"Sant Pere, Santa Caterina i la Ribera",Privada,"Fundació Foto Colectània","Museus i col·leccions","Centres patrimonials","Arts visuals",41.3876349,2.1827391,https://fotocolectania.org/
2021,"Fundació Foto Colectania","Fundació Foto Colectania","Txema Salvans. Perfect Day",7834,15/09/2021,21/11/2021,Pròpia,,01,"Ciutat Vella",04,"Sant Pere, Santa Caterina i la Ribera",Privada,"Fundació Foto Colectània","Museus i col·leccions","Centres patrimonials","Arts visuals",41.3876349,2.1827391,https://fotocolectania.org/
2021,"Fundació Foto Colectania","Fundació Foto Colectania","Face Control",739,04/12/2021,31/12/2021,Pròpia,,01,"Ciutat Vella",04,"Sant Pere, Santa Caterina i la Ribera",Privada,"Fundació Foto Colectània","Museus i col·leccions","Centres patrimonials","Arts visuals",41.3876349,2.1827391,https://fotocolectania.org/
2021,"Fundació Joan Miró","Fundació Joan Miró","Julia Spínola. ""vis.""",662,25/09/2020,14/03/2021,Pròpia,,03,Sants-Montjuïc,11,"el Poble Sec","Consorci o fundació amb presència municipal","Fundació Joan Miró","Museus i col·leccions","Centres patrimonials","Arts visuals",41.36863,2.159851,https://www.fmirobcn.org
2021,"Fundació Joan Miró","Fundació Joan Miró","Miró-ADLAN. Un arxiu de la modernitat (1932-1936)",31313,12/03/2021,05/09/2021,Pròpia,,03,Sants-Montjuïc,11,"el Poble Sec","Consorci o fundació amb presència municipal","Fundació Joan Miró","Museus i col·leccions","Centres patrimonials","Arts visuals",41.36863,2.159851,https://www.fmirobcn.org
2021,"Fundació Joan Miró","Fundació Joan Miró","Lorea Alfaro i Jon Otamendi. ""2020""",1643,26/03/2021,18/07/2021,Pròpia,,03,Sants-Montjuïc,11,"el Poble Sec","Consorci o fundació amb presència municipal","Fundació Joan Miró","Museus i col·leccions","Centres patrimonials","Arts visuals",41.36863,2.159851,https://www.fmirobcn.org
2021,"Fundació Joan Miró","Fundació Joan Miró","Tallers compartits. Tres casos d'estudi",25948,28/05/2021,19/09/2021,Pròpia,,03,Sants-Montjuïc,11,"el Poble Sec","Consorci o fundació amb presència municipal","Fundació Joan Miró","Museus i col·leccions","Centres patrimonials","Arts visuals",41.36863,2.159851,https://www.fmirobcn.org
2021,"Fundació Joan Miró","Fundació Joan Miró","El sentit de l'escultura",30628,15/10/2021,06/03/2022,Pròpia,,03,Sants-Montjuïc,11,"el Poble Sec","Consorci o fundació amb presència municipal","Fundació Joan Miró","Museus i col·leccions","Centres patrimonials","Arts visuals",41.36863,2.159851,https://www.fmirobcn.org
2021,"Fundació Suñol","Fundació Suñol","Acte 2: Tot el que és sòlid s'esvaneix",904,01/01/2021,30/07/2021,Pròpia,,04,"Les Corts",20,"la Maternitat i Sant Ramon",Privada,"Fundació Josep I. Suñol Soler","Museus i col·leccions","Centres patrimonials","Arts visuals",41.3826167,2.1262746,http://www.fundaciosunol.org
2021,"Fundació Suñol","Fundació Suñol","Antònia del Río. Una poètica de l'ús: fer servir la biblioteca",1525,01/01/2021,31/12/2021,Pròpia,,04,"Les Corts",20,"la Maternitat i Sant Ramon",Privada,"Fundació Josep I. Suñol Soler","Museus i col·leccions","Centres patrimonials","Arts visuals",41.3826167,2.1262746,http://www.fundaciosunol.org
2021,"Fundació Suñol","Fundació Suñol","Martín Vitaliti: La idea d'una imatge",627,04/03/2021,30/07/2021,Pròpia,,04,"Les Corts",20,"la Maternitat i Sant Ramon",Privada,"Fundació Josep I. Suñol Soler","Museus i col·leccions","Centres patrimonials","Arts visuals",41.3826167,2.1262746,http://www.fundaciosunol.org
2021,"Fundació Suñol","Fundació Suñol","Acte 3: Vint rostres i tres multituds",385,01/11/2021,31/12/2021,Pròpia,,04,"Les Corts",20,"la Maternitat i Sant Ramon",Privada,"Fundació Josep I. Suñol Soler","Museus i col·leccions","Centres patrimonials","Arts visuals",41.3826167,2.1262746,http://www.fundaciosunol.org
2021,"Museu del Disseny de Barcelona","Glòries. Museu del Disseny","Emèrgencia! dissenys contra la covid 19",1414,13/11/2020,10/01/2021,Pròpia,,10,"Sant Martí",66,"el Parc i la Llacuna del Poblenou",Municipal,"Institut de Cultura. Ajuntament de Barcelona","Museus i col·leccions","Centres patrimonials","Arts visuals",41.4025295461622,2.1880652060461467,http://www.museudeldisseny.cat
2021,"Museu del Disseny de Barcelona","Glòries. Museu del Disseny","MIRALLES. Perpetuum Mobile",21639,26/05/2021,29/08/2021,Coproducció,,10,"Sant Martí",66,"el Parc i la Llacuna del Poblenou",Municipal,"Institut de Cultura. Ajuntament de Barcelona","Museus i col·leccions","Centres patrimonials","Arts visuals",41.4025295461622,2.1880652060461467,http://www.museudeldisseny.cat
2021,"Museu del Disseny de Barcelona","Glòries. Museu del Disseny","El millor disseny de l'any",25090,01/06/2021,29/08/2021,Altres,,10,"Sant Martí",66,"el Parc i la Llacuna del Poblenou",Municipal,"Institut de Cultura. Ajuntament de Barcelona","Museus i col·leccions","Centres patrimonials","Arts visuals",41.4025295461622,2.1880652060461467,http://www.museudeldisseny.cat
2021,"Museu del Disseny de Barcelona","Glòries. Museu del Disseny","BALENCIAGA. L'elegància del barret",27918,16/06/2021,03/10/2021,Coproducció,,10,"Sant Martí",66,"el Parc i la Llacuna del Poblenou",Municipal,"Institut de Cultura. Ajuntament de Barcelona","Museus i col·leccions","Centres patrimonials","Arts visuals",41.4025295461622,2.1880652060461467,http://www.museudeldisseny.cat
2021,"Museu del Disseny de Barcelona","Glòries. Museu del Disseny","MIAS. The making of making",12508,12/11/2021,09/01/2022,Altres,,10,"Sant Martí",66,"el Parc i la Llacuna del Poblenou",Municipal,"Institut de Cultura. Ajuntament de Barcelona","Museus i col·leccions","Centres patrimonials","Arts visuals",41.4025295461622,2.1880652060461467,http://www.museudeldisseny.cat
2021,"Hash Marihuana Cáñamo & Hemp Museum","Hash Marihuana Cáñamo & Hemp Museum","Puff Puff Pass! - Cannabis Comix",,13/03/2020,28/02/2022,Pròpia,,01,"Ciutat Vella",02,"el Barri Gòtic",Privada,"Hemp Museums BV Sucursal Espanya","Museus i col·leccions","Centres patrimonials","Història i memòria",41.380783393,2.180139311,http://hashmuseum.com
2021,"KBr Fundación MAPFRE","KBr Fundación MAPFRE","CLAUDIA ANDUJAR",11528,25/02/2021,23/05/2021,Pròpia,,10,"Sant Martí",67,"la Vila Olímpica del Poblenou",Privada,"Fundación Mapfre","Centres d'exposicions","Centres d'exposicions","Arts visuals",41.388415,2.1960494,http://kbr.fundacionmapfre.org/
2021,"KBr Fundación MAPFRE","KBr Fundación MAPFRE","LA MIRADA CAUTIVA. Col·lecció de daguerrotipes del CRDI (Girona)",10455,25/02/2021,23/05/2021,Pròpia,,10,"Sant Martí",67,"la Vila Olímpica del Poblenou",Privada,"Fundación Mapfre","Centres d'exposicions","Centres d'exposicions","Arts visuals",41.388415,2.1960494,http://kbr.fundacionmapfre.org/
2021,"KBr Fundación MAPFRE","KBr Fundación MAPFRE","NICHOLAS NIXON. The Brown Sisters",10970,11/06/2021,05/09/2021,Pròpia,,10,"Sant Martí",67,"la Vila Olímpica del Poblenou",Privada,"Fundación Mapfre","Centres d'exposicions","Centres d'exposicions","Arts visuals",41.388415,2.1960494,http://kbr.fundacionmapfre.org/
2021,"KBr Fundación MAPFRE","KBr Fundación MAPFRE",WINOGRAND,11611,11/06/2021,05/09/2021,Pròpia,,10,"Sant Martí",67,"la Vila Olímpica del Poblenou",Privada,"Fundación Mapfre","Centres d'exposicions","Centres d'exposicions","Arts visuals",41.388415,2.1960494,http://kbr.fundacionmapfre.org/
2021,"KBr Fundación MAPFRE","KBr Fundación MAPFRE","KBr FLAMA'21",7707,30/09/2021,16/01/2022,Pròpia,,10,"Sant Martí",67,"la Vila Olímpica del Poblenou",Privada,"Fundación Mapfre","Centres d'exposicions","Centres d'exposicions","Arts visuals",41.388415,2.1960494,http://kbr.fundacionmapfre.org/
2021,"KBr Fundación MAPFRE","KBr Fundación MAPFRE","PAOLO GASPARINI. Camp d'imatges",8019,30/09/2021,16/01/2022,Pròpia,,10,"Sant Martí",67,"la Vila Olímpica del Poblenou",Privada,"Fundación Mapfre","Centres d'exposicions","Centres d'exposicions","Arts visuals",41.388415,2.1960494,http://kbr.fundacionmapfre.org/
2021,"La Capella","La Capella","Esdevenir immortal i després morir / Comissària: Caterina Almirall",2512,13/10/2020,31/01/2021,Pròpia,,01,"Ciutat Vella",01,"el Raval",Municipal,"Institut de Cultura. Ajuntament de Barcelona","Centres d'exposicions","Centres d'exposicions","Arts visuals",41.381057326,2.169793857,http://www.lacapella.barcelona
2021,"La Capella","La Capella","Makebelieve Neuromance / Lucía C. Pino",8770,23/02/2021,30/05/2021,Pròpia,,01,"Ciutat Vella",01,"el Raval",Municipal,"Institut de Cultura. Ajuntament de Barcelona","Centres d'exposicions","Centres d'exposicions","Arts visuals",41.381057326,2.169793857,http://www.lacapella.barcelona
2021,"La Capella","La Capella","Agrilogística / Gerard Ortín Castellví",6140,15/06/2021,05/09/2021,Pròpia,,01,"Ciutat Vella",01,"el Raval",Municipal,"Institut de Cultura. Ajuntament de Barcelona","Centres d'exposicions","Centres d'exposicions","Arts visuals",41.381057326,2.169793857,http://www.lacapella.barcelona
2021,"La Capella","La Capella","Otherly Seers / Oscar Holloway",9877,05/10/2021,16/01/2022,Pròpia,,01,"Ciutat Vella",01,"el Raval",Municipal,"Institut de Cultura. Ajuntament de Barcelona","Centres d'exposicions","Centres d'exposicions","Arts visuals",41.381057326,2.169793857,http://www.lacapella.barcelona
2021,"La Model","La Model","Encara hi ha algú al bosc",,04/12/2020,29/01/2021,Externa,,02,Eixample,09,"la Nova Esquerra de l'Eixample",Municipal,"Ajuntament de Barcelona","Espais d'interès patrimonial","Centres patrimonials","Història i memòria",,,
2021,"La Model","La Model","Infanteses a les guerres europeas: 1914- 1949",,13/01/2021,31/05/2021,Externa,,02,Eixample,09,"la Nova Esquerra de l'Eixample",Municipal,"Ajuntament de Barcelona","Espais d'interès patrimonial","Centres patrimonials","Història i memòria",,,
2021,"La Model","La Model","Lectura i Presó",,17/09/2021,02/11/2021,Externa,,02,Eixample,09,"la Nova Esquerra de l'Eixample",Municipal,"Ajuntament de Barcelona","Espais d'interès patrimonial","Centres patrimonials","Història i memòria",,,
2021,"La Model","La Model",fwkTabsBase64_RXhwb3NpY2klRjMlMjAldTIwMUNCZXJyYWNhcyV1MjAxRA==,,14/10/2021,10/11/2021,Externa,,02,Eixample,09,"la Nova Esquerra de l'Eixample",Municipal,"Ajuntament de Barcelona","Espais d'interès patrimonial","Centres patrimonials","Història i memòria",,,
2021,"La Virreina Centre de la Imatge","La Virreina Centre de la Imatge","Manolo Laguillo. ""Projectes 1983-2020""",16344,20/10/2020,14/02/2021,Pròpia,,01,"Ciutat Vella",01,"el Raval",Municipal,"Institut de Cultura. Ajuntament de Barcelona","Centres d'exposicions","Centres d'exposicions","Arts visuals",41.382498322,2.171708630,http://ajuntament.barcelona.cat/lavirreina
2021,"La Virreina Centre de la Imatge","La Virreina Centre de la Imatge","Tanit Plana. ""PUBER""",10716,20/10/2020,28/02/2021,Pròpia,,01,"Ciutat Vella",01,"el Raval",Municipal,"Institut de Cultura. Ajuntament de Barcelona","Centres d'exposicions","Centres d'exposicions","Arts visuals",41.382498322,2.171708630,http://ajuntament.barcelona.cat/lavirreina
2021,"La Virreina Centre de la Imatge","La Virreina Centre de la Imatge","Boris Groys ""Pensant en bucle""",,05/11/2020,07/02/2021,Pròpia,,01,"Ciutat Vella",01,"el Raval",Municipal,"Institut de Cultura. Ajuntament de Barcelona","Centres d'exposicions","Centres d'exposicions","Arts visuals",41.382498322,2.171708630,http://ajuntament.barcelona.cat/lavirreina
2021,"La Virreina Centre de la Imatge","La Virreina Centre de la Imatge","Helios Gómez ""Dies d'ira""",3282,05/11/2020,07/02/2021,Pròpia,,01,"Ciutat Vella",01,"el Raval",Municipal,"Institut de Cultura. Ajuntament de Barcelona","Centres d'exposicions","Centres d'exposicions","Arts visuals",41.382498322,2.171708630,http://ajuntament.barcelona.cat/lavirreina
2021,"La Virreina Centre de la Imatge","La Virreina Centre de la Imatge","Joseph Beuys ""Pedagogia radical, democràcia directa i plàstica social""",26550,05/03/2021,23/05/2021,Pròpia,,01,"Ciutat Vella",01,"el Raval",Municipal,"Institut de Cultura. Ajuntament de Barcelona","Centres d'exposicions","Centres d'exposicions","Arts visuals",41.382498322,2.171708630,http://ajuntament.barcelona.cat/lavirreina
2021,"La Virreina Centre de la Imatge","La Virreina Centre de la Imatge","Anna Oswaldo Cruz ""Persona""",,19/03/2021,23/05/2021,Pròpia,,01,"Ciutat Vella",01,"el Raval",Municipal,"Institut de Cultura. Ajuntament de Barcelona","Centres d'exposicions","Centres d'exposicions","Arts visuals",41.382498322,2.171708630,http://ajuntament.barcelona.cat/lavirreina
2021,"La Virreina Centre de la Imatge","La Virreina Centre de la Imatge","Jo Sol ""La nit incandescent. Viatge al fons del voler viure""",16994,19/03/2021,27/06/2021,Pròpia,,01,"Ciutat Vella",01,"el Raval",Municipal,"Institut de Cultura. Ajuntament de Barcelona","Centres d'exposicions","Centres d'exposicions","Arts visuals",41.382498322,2.171708630,http://ajuntament.barcelona.cat/lavirreina
2021,"La Virreina Centre de la Imatge","La Virreina Centre de la Imatge","Nanni Balestrini ""La violència il·lustrada """,4942,19/03/2021,23/05/2021,Pròpia,,01,"Ciutat Vella",01,"el Raval",Municipal,"Institut de Cultura. Ajuntament de Barcelona","Centres d'exposicions","Centres d'exposicions","Arts visuals",41.382498322,2.171708630,http://ajuntament.barcelona.cat/lavirreina
2021,"La Virreina Centre de la Imatge","La Virreina Centre de la Imatge"," SÒL I SUBSOL Patricia Dauder",,11/06/2021,26/09/2021,Pròpia,,01,"Ciutat Vella",01,"el Raval",Municipal,"Institut de Cultura. Ajuntament de Barcelona","Centres d'exposicions","Centres d'exposicions","Arts visuals",41.382498322,2.171708630,http://ajuntament.barcelona.cat/lavirreina
2021,"La Virreina Centre de la Imatge","La Virreina Centre de la Imatge","NOVA BABILÒNIA. DESIGNAR O NO UN TREBALL COM A ART ÉS UNA DECISIÓ TÀCTICA",33046,11/06/2021,26/09/2021,Coproducció,,01,"Ciutat Vella",01,"el Raval",Municipal,"Institut de Cultura. Ajuntament de Barcelona","Centres d'exposicions","Centres d'exposicions","Arts visuals",41.382498322,2.171708630,http://ajuntament.barcelona.cat/lavirreina
2021,"La Virreina Centre de la Imatge","La Virreina Centre de la Imatge","Sobre colors, gestos i transformació. Andreas M. Kaufmann",,11/06/2021,26/09/2021,Pròpia,,01,"Ciutat Vella",01,"el Raval",Municipal,"Institut de Cultura. Ajuntament de Barcelona","Centres d'exposicions","Centres d'exposicions","Arts visuals",41.382498322,2.171708630,http://ajuntament.barcelona.cat/lavirreina
2021,"La Virreina Centre de la Imatge","La Virreina Centre de la Imatge","La petjada del nyandú (o com transformem els silencis)",18746,16/07/2021,17/10/2021,Pròpia,,01,"Ciutat Vella",01,"el Raval",Municipal,"Institut de Cultura. Ajuntament de Barcelona","Centres d'exposicions","Centres d'exposicions","Arts visuals",41.382498322,2.171708630,http://ajuntament.barcelona.cat/lavirreina
2021,"La Virreina Centre de la Imatge","La Virreina Centre de la Imatge"," Joan Fontcuberta: Ça-a-été? Contra Barthes ",,15/10/2021,13/02/2022,Pròpia,,01,"Ciutat Vella",01,"el Raval",Municipal,"Institut de Cultura. Ajuntament de Barcelona","Centres d'exposicions","Centres d'exposicions","Arts visuals",41.382498322,2.171708630,http://ajuntament.barcelona.cat/lavirreina
2021,"La Virreina Centre de la Imatge","La Virreina Centre de la Imatge","Adrià Julià: Conquesta de l'inútil",29820,15/10/2021,13/02/2022,Pròpia,,01,"Ciutat Vella",01,"el Raval",Municipal,"Institut de Cultura. Ajuntament de Barcelona","Centres d'exposicions","Centres d'exposicions","Arts visuals",41.382498322,2.171708630,http://ajuntament.barcelona.cat/lavirreina
2021,"La Virreina Centre de la Imatge","La Virreina Centre de la Imatge","Guido Guidi: Da zero",,15/10/2021,13/02/2022,Pròpia,,01,"Ciutat Vella",01,"el Raval",Municipal,"Institut de Cultura. Ajuntament de Barcelona","Centres d'exposicions","Centres d'exposicions","Arts visuals",41.382498322,2.171708630,http://ajuntament.barcelona.cat/lavirreina
2021,"La Virreina Centre de la Imatge","La Virreina Centre de la Imatge"," Arxius Lambda. El projecte del Museu Munch d'Oslo. Estudio Herreros",7286,29/10/2021,20/02/2022,Pròpia,,01,"Ciutat Vella",01,"el Raval",Municipal,"Institut de Cultura. Ajuntament de Barcelona","Centres d'exposicions","Centres d'exposicions","Arts visuals",41.382498322,2.171708630,http://ajuntament.barcelona.cat/lavirreina
2021,"Museu de Ciències Naturals de Barcelona. MCNB","MCNB Jardí Botànic de Barcelona","Més que abelles. La vida en joc",31463,20/10/2020,31/12/2023,Pròpia,,03,Sants-Montjuïc,11,"el Poble Sec","Consorci o fundació amb presència municipal","Consorci del Museu de Ciències Naturals de Barcelona","Museus i col·leccions","Centres patrimonials",Ciència,41.410779883,2.220482541,http://www.jardibotanic.bcn.cat
2021,"Museu de Ciències Naturals de Barcelona. MCNB","MCNB Museu (Parc del Fòrum)","Bebès Animals",134115,06/07/2021,08/05/2022,Externa,,10,"Sant Martí",70,"el Besòs i el Maresme","Consorci o fundació amb presència municipal","Consorci del Museu de Ciències Naturals de Barcelona","Museus i col·leccions","Centres patrimonials",Ciència,41.410779883,2.220482541,https://museuciencies.cat/
2021,"Museu de Ciències Naturals de Barcelona. MCNB","MCNB Museu (Parc del Fòrum)",Piribus,1776,16/11/2021,28/11/2021,Externa,,10,"Sant Martí",70,"el Besòs i el Maresme","Consorci o fundació amb presència municipal","Consorci del Museu de Ciències Naturals de Barcelona","Museus i col·leccions","Centres patrimonials",Ciència,41.410779883,2.220482541,https://museuciencies.cat/
2021,"Museu Marítim de Barcelona. MMB","MMB Museu Marítim de Barcelona","LA PLATJA, UN ESPAI CANVIANT",,01/01/2020,02/07/2021,Pròpia,,01,"Ciutat Vella",01,"el Raval","Consorci o fundació amb presència municipal","Consorci de les Drassanes Reials i Museu Marítim de Barcelona","Museus i col·leccions","Centres patrimonials","Història i memòria",41.375949813,2.176041471,http://www.mmb.cat
2021,"Museu Marítim de Barcelona. MMB","MMB Museu Marítim de Barcelona","VENDÉE GLOBE 2020. REGATA A VELA EN SOLITARI AL VOLTANT DEL MÓN",4985,05/11/2020,24/06/2021,Coproducció,,01,"Ciutat Vella",01,"el Raval","Consorci o fundació amb presència municipal","Consorci de les Drassanes Reials i Museu Marítim de Barcelona","Museus i col·leccions","Centres patrimonials","Història i memòria",41.375949813,2.176041471,http://www.mmb.cat
2021,"Museu Marítim de Barcelona. MMB","MMB Museu Marítim de Barcelona","Mestres d'aixa de butxaca",,15/12/2020,05/09/2021,Pròpia,,01,"Ciutat Vella",01,"el Raval","Consorci o fundació amb presència municipal","Consorci de les Drassanes Reials i Museu Marítim de Barcelona","Museus i col·leccions","Centres patrimonials","Història i memòria",41.375949813,2.176041471,http://www.mmb.cat
2021,"Museu Marítim de Barcelona. MMB","MMB Museu Marítim de Barcelona"," Imatges trobades. La Barcelona marítima de postguerra. El fons Joaquín Tusquets de Cabirol",,11/03/2021,30/09/2022,Pròpia,,01,"Ciutat Vella",01,"el Raval","Consorci o fundació amb presència municipal","Consorci de les Drassanes Reials i Museu Marítim de Barcelona","Museus i col·leccions","Centres patrimonials","Història i memòria",41.375949813,2.176041471,http://www.mmb.cat
2021,"Museu Marítim de Barcelona. MMB","MMB Museu Marítim de Barcelona","EL DESIG ÉS TAN FLUID COM LA MAR",16882,28/06/2021,09/02/2022,Pròpia,,01,"Ciutat Vella",01,"el Raval","Consorci o fundació amb presència municipal","Consorci de les Drassanes Reials i Museu Marítim de Barcelona","Museus i col·leccions","Centres patrimonials","Història i memòria",41.375949813,2.176041471,http://www.mmb.cat
2021,"Museu Etnològic i de Cultures del Món","MUEC Montcada","UDJAT Lêxotisme de l`antic Egipte a Barcelona",11148,28/01/2021,13/06/2021,Pròpia,,01,"Ciutat Vella",04,"Sant Pere, Santa Caterina i la Ribera",Municipal,"Institut de Cultura. Ajuntament de Barcelona","Museus i col·leccions","Centres patrimonials","Arts visuals",41.369062110,2.155983304,http://museuculturesmon.bcn.cat
2021,"Museu Etnològic i de Cultures del Món","MUEC Montcada","Traços: Pintura   aborigen Australiana",1756,17/12/2021,12/06/2022,Pròpia,,01,"Ciutat Vella",04,"Sant Pere, Santa Caterina i la Ribera",Municipal,"Institut de Cultura. Ajuntament de Barcelona","Museus i col·leccions","Centres patrimonials","Arts visuals",41.369062110,2.155983304,http://museuculturesmon.bcn.cat
2021,"Museu Etnològic i de Cultures del Món","MUEC Parc Montjuïc","Les cares de Barcelona",6131,22/01/2017,06/02/2022,Pròpia,,03,Sants-Montjuïc,11,"el Poble Sec",Municipal,"Institut de Cultura. Ajuntament de Barcelona","Museus i col·leccions","Centres patrimonials","Arts visuals",41.369062110,2.155983304,http://www.museuetnologic.bcn.cat
2021,"Museu d'Història de Barcelona. MUHBA","MUHBA Oliva Artés","Barcelona & Futbol. El gran joc social del segle XX",1811,21/07/2021,31/12/2022,Pròpia,"Tancat per obres des de juny de 2018.",10,"Sant Martí",71,"Provençals del Poblenou",Municipal,"Ajuntament de Barcelona","Museus i col·leccions","Centres patrimonials","Història i memòria",41.384316,2.177521,
2021,"Museu d'Història de Barcelona. MUHBA","MUHBA Plaça del Rei","Barcelona Flashback. Kit d'història en 100 objectes",34019,09/10/2019,28/02/2022,Pròpia,,01,"Ciutat Vella",02,"el Barri Gòtic",Municipal,"Institut de Cultura. Ajuntament de Barcelona","Museus i col·leccions","Centres patrimonials","Història i memòria",41.384316,2.177521,http://museuhistoria.bcn.cat
2021,"Museu d'Història de Barcelona. MUHBA","MUHBA Plaça del Rei","Alimentar Barcelona. Ciutat, proveïment i salut",10466,15/10/2021,15/10/2022,Pròpia,,01,"Ciutat Vella",02,"el Barri Gòtic",Municipal,"Institut de Cultura. Ajuntament de Barcelona","Museus i col·leccions","Centres patrimonials","Història i memòria",41.384316,2.177521,http://museuhistoria.bcn.cat
2021,"Museu d'Història de Barcelona. MUHBA","MUHBA Vil·la Joana","Sarrià i Barcelona, 1921. Cap a la ciutat metropolitana",255,05/11/2021,09/01/2022,Pròpia,"Entre el 2014 i el 2016 es van fer les obres de rehabilitació integral de la casa i una completa renovació del seu contingut museogràfic.Va tornar a obrir les seves portes l'any 2016.",05,"Sarrià-Sant Gervasi",22,"Vallvidrera, el Tibidabo i les Planes",Municipal,"Institut de Cultura. Ajuntament de Barcelona","Museus i col·leccions","Centres patrimonials","Història i memòria",41.384316,2.177521,http://museuhistoria.bcn.cat
2021,"Museu d'Arqueologia de Catalunya","Museu d'Arqueologia de Catalunya","L'enigma iber. Arqueologia d'una civilització",29851,30/04/2021,12/01/2022,Pròpia,,03,Sants-Montjuïc,11,"el Poble Sec","Pública no municipal","Generalitat de Catalunya","Museus i col·leccions","Centres patrimonials","Història i memòria",41.370153865,2.157646024,http://www.mac.cat
2021,"Museu d'Art Contemporani de Barcelona. MACBA","Museu d'Art Contemporani de Barcelona. MACBA","Acció. Una història provisional dels 90",6500,10/07/2020,07/02/2021,Pròpia,,01,"Ciutat Vella",01,"el Raval","Consorci o fundació amb presència municipal","Museu d'Art Contemporani de Barcelona","Museus i col·leccions","Centres patrimonials","Arts visuals",41.383145956,2.167830774,http://www.macba.cat
2021,"Museu d'Art Contemporani de Barcelona. MACBA","Museu d'Art Contemporani de Barcelona. MACBA","Tony Cokes. Música, Text, Política",13547,22/10/2020,07/03/2021,Pròpia,,01,"Ciutat Vella",01,"el Raval","Consorci o fundació amb presència municipal","Museu d'Art Contemporani de Barcelona","Museus i col·leccions","Centres patrimonials","Arts visuals",41.383145956,2.167830774,http://www.macba.cat
2021,"Museu d'Art Contemporani de Barcelona. MACBA","Museu d'Art Contemporani de Barcelona. MACBA","Fina Miralles.Soc totes les que he sigut",20787,04/11/2020,05/04/2021,Pròpia,,01,"Ciutat Vella",01,"el Raval","Consorci o fundació amb presència municipal","Museu d'Art Contemporani de Barcelona","Museus i col·leccions","Centres patrimonials","Arts visuals",41.383145956,2.167830774,http://www.macba.cat
2021,"Museu d'Art Contemporani de Barcelona. MACBA","Museu d'Art Contemporani de Barcelona. MACBA",Plaga,224,26/11/2020,02/04/2021,Pròpia,,01,"Ciutat Vella",01,"el Raval","Consorci o fundació amb presència municipal","Museu d'Art Contemporani de Barcelona","Museus i col·leccions","Centres patrimonials","Arts visuals",41.383145956,2.167830774,http://www.macba.cat
2021,"Museu d'Art Contemporani de Barcelona. MACBA","Museu d'Art Contemporani de Barcelona. MACBA","Fèlix Gonzàlez-Torres. Política de la relació",57633,26/03/2021,12/09/2021,Pròpia,,01,"Ciutat Vella",01,"el Raval","Consorci o fundació amb presència municipal","Museu d'Art Contemporani de Barcelona","Museus i col·leccions","Centres patrimonials","Arts visuals",41.383145956,2.167830774,http://www.macba.cat
2021,"Museu d'Art Contemporani de Barcelona. MACBA","Museu d'Art Contemporani de Barcelona. MACBA","Coses que Passen (Mostreig #4)",838,22/04/2021,05/11/2021,Pròpia,,01,"Ciutat Vella",01,"el Raval","Consorci o fundació amb presència municipal","Museu d'Art Contemporani de Barcelona","Museus i col·leccions","Centres patrimonials","Arts visuals",41.383145956,2.167830774,http://www.macba.cat
2021,"Museu d'Art Contemporani de Barcelona. MACBA","Museu d'Art Contemporani de Barcelona. MACBA","En temps real. La Col·lecció Rafael Tous - Capella",52196,14/05/2021,31/10/2021,Pròpia,,01,"Ciutat Vella",01,"el Raval","Consorci o fundació amb presència municipal","Museu d'Art Contemporani de Barcelona","Museus i col·leccions","Centres patrimonials","Arts visuals",41.383145956,2.167830774,http://www.macba.cat
2021,"Museu d'Art Contemporani de Barcelona. MACBA","Museu d'Art Contemporani de Barcelona. MACBA","En temps real. La Col·lecció Rafael Tous - Meier",87183,14/05/2021,06/06/2022,Pròpia,,01,"Ciutat Vella",01,"el Raval","Consorci o fundació amb presència municipal","Museu d'Art Contemporani de Barcelona","Museus i col·leccions","Centres patrimonials","Arts visuals",41.383145956,2.167830774,http://www.macba.cat
2021,"Museu d'Art Contemporani de Barcelona. MACBA","Museu d'Art Contemporani de Barcelona. MACBA","En temps real. La Col·lecció Rafael Tous - Metrònom",4776,14/05/2021,24/10/2021,Pròpia,,01,"Ciutat Vella",01,"el Raval","Consorci o fundació amb presència municipal","Museu d'Art Contemporani de Barcelona","Museus i col·leccions","Centres patrimonials","Arts visuals",41.383145956,2.167830774,http://www.macba.cat
2021,"Museu d'Art Contemporani de Barcelona. MACBA","Museu d'Art Contemporani de Barcelona. MACBA","Panorama 21: Apunts per a un incendi dels ulls",29435,22/10/2021,27/02/2022,Pròpia,,01,"Ciutat Vella",01,"el Raval","Consorci o fundació amb presència municipal","Museu d'Art Contemporani de Barcelona","Museus i col·leccions","Centres patrimonials","Arts visuals",41.383145956,2.167830774,http://www.macba.cat
2021,"Museu d'Art Contemporani de Barcelona. MACBA","Museu d'Art Contemporani de Barcelona. MACBA","Manuals de reparacions i sons còsmics",225,25/11/2021,31/05/2022,Pròpia,,01,"Ciutat Vella",01,"el Raval","Consorci o fundació amb presència municipal","Museu d'Art Contemporani de Barcelona","Museus i col·leccions","Centres patrimonials","Arts visuals",41.383145956,2.167830774,http://www.macba.cat
2021,"Museu d'Història de Barcelona. MUHBA","Museu d'Història de Barcelona. MUHBA","Miralles. A quarts de quatre...",8237,15/04/2021,15/07/2021,Externa,,01,"Ciutat Vella",02,"el Barri Gòtic",Municipal,"Institut de Cultura. Ajuntament de Barcelona","Museus i col·leccions","Centres patrimonials","Història i memòria",41.384316,2.177521,https://barcelona.cat/museuhistoria
2021,"Museu d'Història de Catalunya","Museu d'Història de Catalunya","Dones a les ones",788,22/10/2020,21/02/2021,Pròpia,,01,"Ciutat Vella",03,"la Barceloneta","Pública no municipal","Generalitat de Catalunya","Museus i col·leccions","Centres patrimonials","Història i memòria",41.380668608,2.185503480,http://www.mhcat.cat
2021,"Museu d'Història de Catalunya","Museu d'Història de Catalunya","Guillén. Màgia a l'espai escènic",613,21/04/2021,26/09/2021,Externa,,01,"Ciutat Vella",03,"la Barceloneta","Pública no municipal","Generalitat de Catalunya","Museus i col·leccions","Centres patrimonials","Història i memòria",41.380668608,2.185503480,http://www.mhcat.cat
2021,"Museu de la Música","Museu de la Música","Músiques als dits. Sanses africanes de la Fundació La Fontana",3529,19/09/2019,14/03/2021,Coproducció,,02,Eixample,05,"el Fort Pienc","Consorci o fundació amb presència municipal","Consorci de L'Auditori i l'Orquestra","Museus i col·leccions","Centres patrimonials","Història i memòria",41.398366625,2.184867722,https://ajuntament.barcelona.cat/museumusica/ca
2021,"Museu de la Música","Museu de la Música"," Orquestra Pau Casals. 100 Anys ",22093,24/11/2020,09/01/2022,Coproducció,,02,Eixample,05,"el Fort Pienc","Consorci o fundació amb presència municipal","Consorci de L'Auditori i l'Orquestra","Museus i col·leccions","Centres patrimonials","Història i memòria",41.398366625,2.184867722,https://ajuntament.barcelona.cat/museumusica/ca
2021,"Museu de la Música","Museu de la Música","Música i Natura a l'Illa de Nova Guinea",15488,13/05/2021,26/06/2022,Coproducció,,02,Eixample,05,"el Fort Pienc","Consorci o fundació amb presència municipal","Consorci de L'Auditori i l'Orquestra","Museus i col·leccions","Centres patrimonials","Història i memòria",41.398366625,2.184867722,https://ajuntament.barcelona.cat/museumusica/ca
2021,"Museu de la Música","Museu de la Música","Joan Manén, orgull i destí. 50 anys de la mort del músic",5263,04/11/2021,06/02/2022,Pròpia,,02,Eixample,05,"el Fort Pienc","Consorci o fundació amb presència municipal","Consorci de L'Auditori i l'Orquestra","Museus i col·leccions","Centres patrimonials","Història i memòria",41.398366625,2.184867722,https://ajuntament.barcelona.cat/museumusica/ca
2021,"Museu Egipci de Barcelona","Museu Egipci de Barcelona","Tutankhamon: Història d'un descobriment",23231,01/01/2018,15/09/2022,Altres,,02,Eixample,07,"la Dreta de l'Eixample",Privada,"Fundació Arqueològica Clos","Museus i col·leccions","Centres patrimonials","Història i memòria",41.393626242,2.164736478,http://www.museuegipci.com
2021,"Museu Egipci de Barcelona","Museu Egipci de Barcelona","Passió per l'Egipte faraònic",23231,11/07/2018,15/09/2022,Altres,,02,Eixample,07,"la Dreta de l'Eixample",Privada,"Fundació Arqueològica Clos","Museus i col·leccions","Centres patrimonials","Història i memòria",41.393626242,2.164736478,http://www.museuegipci.com
2021,"Museu Frederic Marès","Museu Frederic Marès","Vols pujar a les golfes del Museu? Nova presentació museogràfica de la Sala de les diversions",25712,28/11/2020,28/11/2021,Pròpia,,01,"Ciutat Vella",02,"el Barri Gòtic",Municipal,"Institut de Cultura. Ajuntament de Barcelona","Museus i col·leccions","Centres patrimonials","Arts visuals",41.384173998,2.176939205,https://www.barcelona.cat/museufredericmares/
2021,"Museu Frederic Marès","Museu Frederic Marès","Convidats & amfitrions",9906,13/03/2021,20/06/2021,Pròpia,,01,"Ciutat Vella",02,"el Barri Gòtic",Municipal,"Institut de Cultura. Ajuntament de Barcelona","Museus i col·leccions","Centres patrimonials","Arts visuals",41.384173998,2.176939205,https://www.barcelona.cat/museufredericmares/
2021,"Museu Nacional d'Art de Catalunya. MNAC","Museu Nacional d'Art de Catalunya. MNAC","Son. Oriol Vilapuig",69100,11/03/2020,05/04/2021,Pròpia,,03,Sants-Montjuïc,11,"el Poble Sec","Consorci o fundació amb presència municipal","Museu Nacional d'Art de Catalunya","Museus i col·leccions","Centres patrimonials","Arts visuals",41.368853566,2.153363173,http://museunacional.cat
2021,"Museu Nacional d'Art de Catalunya. MNAC","Museu Nacional d'Art de Catalunya. MNAC","Diàlegs intrusos",778136,13/11/2020,21/11/2021,Pròpia,,03,Sants-Montjuïc,11,"el Poble Sec","Consorci o fundació amb presència municipal","Museu Nacional d'Art de Catalunya","Museus i col·leccions","Centres patrimonials","Arts visuals",41.368853566,2.153363173,http://museunacional.cat
2021,"Museu Nacional d'Art de Catalunya. MNAC","Museu Nacional d'Art de Catalunya. MNAC","La guerra infinita. Antoni Campañà",191616,18/03/2021,18/07/2021,Pròpia,,03,Sants-Montjuïc,11,"el Poble Sec","Consorci o fundació amb presència municipal","Museu Nacional d'Art de Catalunya","Museus i col·leccions","Centres patrimonials","Arts visuals",41.368853566,2.153363173,http://museunacional.cat
2021,"Museu Nacional d'Art de Catalunya. MNAC","Museu Nacional d'Art de Catalunya. MNAC","Hamada - Artigas",516276,04/06/2021,09/01/2022,Pròpia,,03,Sants-Montjuïc,11,"el Poble Sec","Consorci o fundació amb presència municipal","Museu Nacional d'Art de Catalunya","Museus i col·leccions","Centres patrimonials","Arts visuals",41.368853566,2.153363173,http://museunacional.cat
2021,"Museu Nacional d'Art de Catalunya. MNAC","Museu Nacional d'Art de Catalunya. MNAC","Museu en perill",103668,15/07/2021,27/02/2022,Pròpia,,03,Sants-Montjuïc,11,"el Poble Sec","Consorci o fundació amb presència municipal","Museu Nacional d'Art de Catalunya","Museus i col·leccions","Centres patrimonials","Arts visuals",41.368853566,2.153363173,http://museunacional.cat
2021,"Museu Nacional d'Art de Catalunya. MNAC","Museu Nacional d'Art de Catalunya. MNAC","Gaudí. Foc i cendres",88852,19/11/2021,06/03/2022,Pròpia,,03,Sants-Montjuïc,11,"el Poble Sec","Consorci o fundació amb presència municipal","Museu Nacional d'Art de Catalunya","Museus i col·leccions","Centres patrimonials","Arts visuals",41.368853566,2.153363173,http://museunacional.cat
2021,"Museu Olímpic i de l'Esport Joan Antoni Samaranch","Museu Olímpic i de l'Esport Joan Antoni Samaranch","Club Centenari: Junior FC",285,09/06/2020,24/01/2021,Pròpia,,03,Sants-Montjuïc,11,"el Poble Sec",Municipal,"Fundació Barcelona Olímpica","Museus i col·leccions","Centres patrimonials","Història i memòria",41.366249336,2.157076095,http://www.museuolimpicbcn.cat
2021,"Museu Olímpic i de l'Esport Joan Antoni Samaranch","Museu Olímpic i de l'Esport Joan Antoni Samaranch","Art sobre paper",4525,26/01/2021,30/05/2021,Pròpia,,03,Sants-Montjuïc,11,"el Poble Sec",Municipal,"Fundació Barcelona Olímpica","Museus i col·leccions","Centres patrimonials","Història i memòria",41.366249336,2.157076095,http://www.museuolimpicbcn.cat
2021,"Museu Olímpic i de l'Esport Joan Antoni Samaranch","Museu Olímpic i de l'Esport Joan Antoni Samaranch","Tòquio 2020: L'esport com a eina per canviar el món",16653,01/06/2021,16/01/2022,Pròpia,,03,Sants-Montjuïc,11,"el Poble Sec",Municipal,"Fundació Barcelona Olímpica","Museus i col·leccions","Centres patrimonials","Història i memòria",41.366249336,2.157076095,http://www.museuolimpicbcn.cat
2021,"Museu Picasso","Museu Picasso",Jamais,400454,15/07/2020,21/10/2021,Pròpia,,01,"Ciutat Vella",04,"Sant Pere, Santa Caterina i la Ribera","Consorci o fundació amb presència municipal","Fundació Museu Picasso","Museus i col·leccions","Centres patrimonials","Arts visuals",41.385152312,2.180834795,http://www.museupicasso.bcn.cat
2021,"Museu Picasso","Museu Picasso","Picasso. Quaderns",42218,18/12/2020,04/04/2021,Pròpia,,01,"Ciutat Vella",04,"Sant Pere, Santa Caterina i la Ribera","Consorci o fundació amb presència municipal","Fundació Museu Picasso","Museus i col·leccions","Centres patrimonials","Arts visuals",41.385152312,2.180834795,http://www.museupicasso.bcn.cat
2021,"Museu Picasso","Museu Picasso","Picasso i les joies d'artista",475884,21/05/2021,09/01/2022,Pròpia,,01,"Ciutat Vella",04,"Sant Pere, Santa Caterina i la Ribera","Consorci o fundació amb presència municipal","Fundació Museu Picasso","Museus i col·leccions","Centres patrimonials","Arts visuals",41.385152312,2.180834795,http://www.museupicasso.bcn.cat
2021,"Museu Picasso","Museu Picasso","Lola Ruiz Picasso",106392,12/11/2021,27/02/2022,Pròpia,,01,"Ciutat Vella",04,"Sant Pere, Santa Caterina i la Ribera","Consorci o fundació amb presència municipal","Fundació Museu Picasso","Museus i col·leccions","Centres patrimonials","Arts visuals",41.385152312,2.180834795,http://www.museupicasso.bcn.cat
2021,"Palau Güell","Palau Güell","Aleix Clapés, l'enigmàtic pintor de Güell i Gaudí",16495,17/12/2020,30/05/2021,Pròpia,,01,"Ciutat Vella",01,"el Raval","Pública no municipal","Diputació de Barcelona","Espais d'interès patrimonial","Centres patrimonials","Història i memòria",41.3791747,2.1744127,http://palauguell.cat
2021,"Palau Güell","Palau Güell","De París a Nova York. Gravats de la Col·lecció Gelonch Viladegut",23144,18/06/2021,26/09/2021,Externa,,01,"Ciutat Vella",01,"el Raval","Pública no municipal","Diputació de Barcelona","Espais d'interès patrimonial","Centres patrimonials","Història i memòria",41.3791747,2.1744127,http://palauguell.cat
2021,"Palau Güell","Palau Güell","Montserrat Caballé i la indumentària operística del Museu de les Arts Escèniques",15576,12/11/2021,31/12/2021,Externa,,01,"Ciutat Vella",01,"el Raval","Pública no municipal","Diputació de Barcelona","Espais d'interès patrimonial","Centres patrimonials","Història i memòria",41.3791747,2.1744127,http://palauguell.cat
2021,"Palau Robert","Palau Robert","Total visites exposicions de l'any",,01/01/2015,31/12/2022,Pròpia,,02,Eixample,07,"la Dreta de l'Eixample","Pública no municipal","Generalitat de Catalunya","Centres d'exposicions","Centres d'exposicions","Arts visuals",41.396100952,2.159514266,http://www.gencat.cat/palaurobert
2021,"Palau Robert","Palau Robert","Aixafem el feixisme!",54026,03/11/2020,05/04/2021,Pròpia,,02,Eixample,07,"la Dreta de l'Eixample","Pública no municipal","Generalitat de Catalunya","Centres d'exposicions","Centres d'exposicions","Arts visuals",41.396100952,2.159514266,http://www.gencat.cat/palaurobert
2021,"Palau Robert","Palau Robert","Cent anys fent FEEC",13206,30/11/2020,14/02/2021,Pròpia,,02,Eixample,07,"la Dreta de l'Eixample","Pública no municipal","Generalitat de Catalunya","Centres d'exposicions","Centres d'exposicions","Arts visuals",41.396100952,2.159514266,http://www.gencat.cat/palaurobert
2021,"Palau Robert","Palau Robert","L'or blau",39064,19/12/2020,18/04/2021,Pròpia,,02,Eixample,07,"la Dreta de l'Eixample","Pública no municipal","Generalitat de Catalunya","Centres d'exposicions","Centres d'exposicions","Arts visuals",41.396100952,2.159514266,http://www.gencat.cat/palaurobert
2021,"Palau Robert","Palau Robert","Catalunya any 0",14745,02/03/2021,25/04/2021,Pròpia,,02,Eixample,07,"la Dreta de l'Eixample","Pública no municipal","Generalitat de Catalunya","Centres d'exposicions","Centres d'exposicions","Arts visuals",41.396100952,2.159514266,http://www.gencat.cat/palaurobert
2021,"Palau Robert","Palau Robert","Tricicle Clic!",48190,03/05/2021,03/10/2021,Pròpia,,02,Eixample,07,"la Dreta de l'Eixample","Pública no municipal","Generalitat de Catalunya","Centres d'exposicions","Centres d'exposicions","Arts visuals",41.396100952,2.159514266,http://www.gencat.cat/palaurobert
2021,"Palau Robert","Palau Robert","Rock viu",31902,12/05/2021,05/09/2021,Pròpia,,02,Eixample,07,"la Dreta de l'Eixample","Pública no municipal","Generalitat de Catalunya","Centres d'exposicions","Centres d'exposicions","Arts visuals",41.396100952,2.159514266,http://www.gencat.cat/palaurobert
2021,"Palau Robert","Palau Robert","Underground i contracultura a la catalunya dels 70 ",53472,02/06/2021,06/03/2022,Pròpia,,02,Eixample,07,"la Dreta de l'Eixample","Pública no municipal","Generalitat de Catalunya","Centres d'exposicions","Centres d'exposicions","Arts visuals",41.396100952,2.159514266,http://www.gencat.cat/palaurobert
2021,"Palau Robert","Palau Robert","100 anys mirant el cel",13518,17/09/2021,16/01/2022,Pròpia,,02,Eixample,07,"la Dreta de l'Eixample","Pública no municipal","Generalitat de Catalunya","Centres d'exposicions","Centres d'exposicions","Arts visuals",41.396100952,2.159514266,http://www.gencat.cat/palaurobert
2021,"Palau Robert","Palau Robert","Portes obertes a l'Escola pública",12229,27/10/2021,18/04/2022,Pròpia,,02,Eixample,07,"la Dreta de l'Eixample","Pública no municipal","Generalitat de Catalunya","Centres d'exposicions","Centres d'exposicions","Arts visuals",41.396100952,2.159514266,http://www.gencat.cat/palaurobert
2021,"Pavelló Mies van der Rohe","Pavelló Mies van der Rohe","""Sin título"" (Loverboy) - Felix Gonzalez-Torres",1551,25/03/2021,11/04/2021,Coproducció,,03,Sants-Montjuïc,11,"el Poble Sec","Consorci o fundació amb presència municipal","Fundació Mies van der Rohe","Espais d'interès patrimonial","Centres patrimonials","Història i memòria",41.370666,2.149491,http://www.miesbcn.com
2021,"Pavelló Mies van der Rohe","Pavelló Mies van der Rohe","Hermosos fracasos | Stella Rahola Matutes y Roger Paez",336,15/04/2021,18/04/2021,Coproducció,,03,Sants-Montjuïc,11,"el Poble Sec","Consorci o fundació amb presència municipal","Fundació Mies van der Rohe","Espais d'interès patrimonial","Centres patrimonials","Història i memòria",41.370666,2.149491,http://www.miesbcn.com
2021,"Pavelló Mies van der Rohe","Pavelló Mies van der Rohe","El Proyecto MIES. Retratos arquitectónicos, Arina Dähnick",3169,06/05/2021,06/06/2021,Coproducció,,03,Sants-Montjuïc,11,"el Poble Sec","Consorci o fundació amb presència municipal","Fundació Mies van der Rohe","Espais d'interès patrimonial","Centres patrimonials","Història i memòria",41.370666,2.149491,http://www.miesbcn.com
2021,"Pavelló Mies van der Rohe","Pavelló Mies van der Rohe","Exposición XV Bienal de Arquitectura y Urbanismo de España ",12313,28/06/2021,30/09/2021,Externa,,03,Sants-Montjuïc,11,"el Poble Sec","Consorci o fundació amb presència municipal","Fundació Mies van der Rohe","Espais d'interès patrimonial","Centres patrimonials","Història i memòria",41.370666,2.149491,http://www.miesbcn.com
2021,"Pavelló Mies van der Rohe","Pavelló Mies van der Rohe","""La Carpa"" Festival Llop Barcelona",1846,09/11/2021,21/11/2021,Pròpia,,03,Sants-Montjuïc,11,"el Poble Sec","Consorci o fundació amb presència municipal","Fundació Mies van der Rohe","Espais d'interès patrimonial","Centres patrimonials","Història i memòria",41.370666,2.149491,http://www.miesbcn.com
2021,"Pavelló Mies van der Rohe","Pavelló Mies van der Rohe","""Never Demolish"" d'Ilka i Andrea Ruby",3529,26/11/2021,16/12/2021,Pròpia,,03,Sants-Montjuïc,11,"el Poble Sec","Consorci o fundació amb presència municipal","Fundació Mies van der Rohe","Espais d'interès patrimonial","Centres patrimonials","Història i memòria",41.370666,2.149491,http://www.miesbcn.com
2021,"Santa Mònica","Santa Mònica","Activistes per la vida. Gervasio Sánchez",9454,04/11/2020,14/03/2021,Externa,,01,"Ciutat Vella",01,"el Raval","Pública no municipal","Generalitat de Catalunya","Centres d'exposicions","Centres d'exposicions","Arts visuals",41.377227254,2.175597264,http://www.artssantamonica.cat
2021,"Santa Mònica","Santa Mònica","Ara mateix: tot està per fer i tot és possible",2466,10/11/2020,17/01/2021,Externa,,01,"Ciutat Vella",01,"el Raval","Pública no municipal","Generalitat de Catalunya","Centres d'exposicions","Centres d'exposicions","Arts visuals",41.377227254,2.175597264,http://www.artssantamonica.cat
2021,"Santa Mònica","Santa Mònica","Lladres. Mabel Palacín",2465,10/11/2020,17/01/2021,Coproducció,,01,"Ciutat Vella",01,"el Raval","Pública no municipal","Generalitat de Catalunya","Centres d'exposicions","Centres d'exposicions","Arts visuals",41.377227254,2.175597264,http://www.artssantamonica.cat
2021,"Santa Mònica","Santa Mònica","FER (1949-2020) L'humor amable",3555,16/12/2020,28/02/2021,Coproducció,,01,"Ciutat Vella",01,"el Raval","Pública no municipal","Generalitat de Catalunya","Centres d'exposicions","Centres d'exposicions","Arts visuals",41.377227254,2.175597264,http://www.artssantamonica.cat
2021,"Santa Mònica","Santa Mònica","Sous les violons, la plage!",727,11/02/2021,14/02/2021,Pròpia,,01,"Ciutat Vella",01,"el Raval","Pública no municipal","Generalitat de Catalunya","Centres d'exposicions","Centres d'exposicions","Arts visuals",41.377227254,2.175597264,http://www.artssantamonica.cat
2021,"Santa Mònica","Santa Mònica","ECOSS. Ecosistemes de l'inesperat",3719,18/03/2021,18/05/2021,Pròpia,,01,"Ciutat Vella",01,"el Raval","Pública no municipal","Generalitat de Catalunya","Centres d'exposicions","Centres d'exposicions","Arts visuals",41.377227254,2.175597264,http://www.artssantamonica.cat
2021,"Santa Mònica","Santa Mònica","Felícia Fuster. Plurivisions",4068,21/03/2021,30/05/2021,Externa,,01,"Ciutat Vella",01,"el Raval","Pública no municipal","Generalitat de Catalunya","Centres d'exposicions","Centres d'exposicions","Arts visuals",41.377227254,2.175597264,http://www.artssantamonica.cat
2021,"Santa Mònica","Santa Mònica","Cabosanroque. Dimonis",1074,15/05/2021,13/06/2021,Externa,,01,"Ciutat Vella",01,"el Raval","Pública no municipal","Generalitat de Catalunya","Centres d'exposicions","Centres d'exposicions","Arts visuals",41.377227254,2.175597264,http://www.artssantamonica.cat
2021,"Santa Mònica","Santa Mònica","Miralles. Photos & Collages",4524,15/05/2021,30/06/2021,Externa,,01,"Ciutat Vella",01,"el Raval","Pública no municipal","Generalitat de Catalunya","Centres d'exposicions","Centres d'exposicions","Arts visuals",41.377227254,2.175597264,http://www.artssantamonica.cat
2021,"Santa Mònica","Santa Mònica","Extra Mònica",441,10/07/2021,25/07/2021,Pròpia,,01,"Ciutat Vella",01,"el Raval","Pública no municipal","Generalitat de Catalunya","Centres d'exposicions","Centres d'exposicions","Arts visuals",41.377227254,2.175597264,http://www.artssantamonica.cat
2021,"Santa Mònica","Santa Mònica",Kronos,4126,10/07/2021,17/07/2021,Externa,,01,"Ciutat Vella",01,"el Raval","Pública no municipal","Generalitat de Catalunya","Centres d'exposicions","Centres d'exposicions","Arts visuals",41.377227254,2.175597264,http://www.artssantamonica.cat
2021,"Santa Mònica","Santa Mònica","Art Photo",1784,23/07/2021,25/07/2021,Externa,,01,"Ciutat Vella",01,"el Raval","Pública no municipal","Generalitat de Catalunya","Centres d'exposicions","Centres d'exposicions","Arts visuals",41.377227254,2.175597264,http://www.artssantamonica.cat
2021,"Santa Mònica","Santa Mònica","Exposar, no exposar-se, exposar-se, no exposar",7297,24/09/2021,09/01/2022,Pròpia,,01,"Ciutat Vella",01,"el Raval","Pública no municipal","Generalitat de Catalunya","Centres d'exposicions","Centres d'exposicions","Arts visuals",41.377227254,2.175597264,http://www.artssantamonica.cat
